id,name,img,tags,release,views,resources,download_url
24853,天命奇御二/官方中文/正版离线完美学习版,https://imgtu.switch520.com/2021/11/24/888c0c7bf01f2.jpg,"

PC游戏下载              
",2021-11-24T10:04:26+08:00, 6.5K,"
 
注意：需要STEAM客户端
解压码/安装码 215154
天翼：https://cloud.189.cn/t/mq2iAfaYbyIv
链接: https://pan.baidu.com/s/1NCQXOWXJx68oWyJSzks9VA 
提取码: ecde
",https://switch520.net/1376.html
24655,宝可梦 明亮的珍珠/官方中文/本体+1.1.1整合版/[XCI][原版-魔改11.0.0],https://imgtu.switch520.com/2021/11/18/a2e61cf18088b.jpg,"

3A巨作              

Switch游戏              

中文              
",2021-11-18T09:27:56+08:00, 52.16K,"
原版[13.1.0][NSP]
链接: https://pan.baidu.com/s/1rjhlEbXl6dr6I9TR5v2EZA
提取码: emgu
 
1.1.1升级补丁
链接: https://pan.baidu.com/s/1coU-0nVgCWQzbcsk6uR-Kw
提取码: 45vj
 
 
————————————
魔改11.0.0整合[XCI] 
链接: https://pan.baidu.com/s/19kcKSaNS2xbFSAGDiNHHog 
提取码: rbh7
————————————
原版本体直链下载:点我
原版升补直链下载:点我
[该游戏直链每天限流1TB 超出后会下载失败 第二天会重置流量]
————————————
直链最好用游戏区里的 超能多线程下载器 [传送门]   并稍微看下1秒教程 如果采用别的下载器 小容量游戏没问题 如果是稍微大型点的游戏有概率会出错 甚至出现需要账号和密码
",https://switch520.net/1212.html
24648,破败王者 英雄联盟传奇/中文/本体+1.4+4DLC整合版[NSP-XCI][原版+魔改11.0.0],https://imgtu.switch520.com/2021/11/17/b057c2f803c79.jpg,"

Switch游戏              

中文              

热门              
",2021-11-17T20:39:28+08:00, 44.39K,"
原版[NSP]13.1.0
链接: https://pan.baidu.com/s/1c6a4VUssuyItq6VaZbwELA 
提取码: 52eq
 
1.4升级补丁
链接: https://pan.baidu.com/s/1XYKiW9g3tfSYh1L6CHPimg 
提取码: p66p
————————————
魔改11.0.0整合版
链接: https://pan.baidu.com/s/19avtzz9JblLw1O7RXaJLKg 
提取码: fdyj
 
————————————
原版本体直链下载：点我
原版升补直链下载：点我
原版DLC直链下载：点我
————————————
直链最好用游戏区里的 超能多线程下载器 [传送门]   并稍微看下1秒教程 如果采用别的下载器 小容量游戏没问题 如果是稍微大型点的游戏有概率会出错 甚至出现需要账号和密码
",https://switch520.net/1207.html
21245,企鹅交流聊,https://switch520.com/wp-content/uploads/2021/08/1629021740-88802801d0e3c32.jpg,"

[神の贴]              
",2021-08-15T18:02:57+08:00, 40.24K,,
21847,奇塔利亚童话/官方中文/本体+1.0.3+17DLC整合版[XCI][原版+魔改11.0.0],https://imgtu.switch520.com/2021/08/31/42b04ad4b593e.jpg,"

Switch游戏              

中文              

升补/DLC              
",2021-11-24T15:25:14+08:00, 10.49K,"
原版[13.1.0][NSP]
链接: https://pan.baidu.com/s/1hSIy586UgvP3fMPmPqQBZA 
提取码: 84m7
————————————
魔改11.0.0整合[XCI] 
链接: https://pan.baidu.com/s/1pU86mAK67X4FDlWILYxoqg 
提取码: i9b1
————————————
原版本体直链下载:点我[上传中]
[该游戏直链每天限流1TB 超出后会下载失败 第二天会重置流量]
————————————
直链最好用游戏区里的 超能多线程下载器 [传送门]   并稍微看下1秒教程 如果采用别的下载器 小容量游戏没问题 如果是稍微大型点的游戏有概率会出错 甚至出现需要账号和密码
",https://switch520.net/1392.html
9646,[更新]鬼谷八荒/V0.8.4024/正版分流版,https://imgtu.switch520.com/2021/11/24/074e932af6450.jpg,"

PC游戏下载              
",2021-11-24T14:30:40+08:00, 77.13K,,https://url75.ctfile.com/f/34128475-521748472-7ce0f9
21551,混乱的斗士/中文/本体+2.0.0整合版/[NSZ-XCI][原版+魔改10.2.0],https://imgtu.switch520.com/2021/08/22/52b74b0d7ddbd.jpg,"

Switch游戏              

中文              

升补/DLC              
",2021-11-24T14:17:19+08:00, 8.71K,"
原版[13.1.0][NSP]
链接: https://pan.baidu.com/s/1vpPFCytYB6VXJDFN0CIpvQ 
提取码: fr2i
————————————
魔改10.2.0整合[XCI] 
链接: https://pan.baidu.com/s/15izm5gqE91j_RasQ8LB8NQ 
提取码: qu2e
————————————
原版本体直链下载:点我
原版升补直链下载:点我
[该游戏直链每天限流1TB 超出后会下载失败 第二天会重置流量]
————————————
直链最好用游戏区里的 超能多线程下载器 [传送门]   并稍微看下1秒教程 如果采用别的下载器 小容量游戏没问题 如果是稍微大型点的游戏有概率会出错 甚至出现需要账号和密码
",https://switch520.net/1387.html
18249,舒适森林/中文/本体+3.2.1+1DLC整合版/[NSZ-XCI][原版+魔改10.2.0],https://pic.imgdb.cn/item/60b508c039f6859bc2679436.jpg,"

Switch游戏              

中文              

升补/DLC              
",2021-11-24T14:13:46+08:00, 17.75K,"
原版[13.1.0][NSP]
链接: https://pan.baidu.com/s/1st3-EUwNIaBLFCq-b72F6w 
提取码: ebnn
————————————
魔改10.2.0整合[XCI] 
链接: https://pan.baidu.com/s/1litQRHwmDcMpEfpktwfuTw 
提取码: pmmf
————————————
原版本体直链下载:点我
原版升补直链下载:点我
原版DLC直链下载:点我
[该游戏直链每天限流1TB 超出后会下载失败 第二天会重置流量]
————————————
直链最好用游戏区里的 超能多线程下载器 [传送门]   并稍微看下1秒教程 如果采用别的下载器 小容量游戏没问题 如果是稍微大型点的游戏有概率会出错 甚至出现需要账号和密码
",https://switch520.net/1385.html
21489,怪物火车/中文/本体+2.2.0整合版[NSZ-XCI][原版+魔改10.0.2],https://imgtu.switch520.com/2021/08/21/d2a8d026fe965.jpg,"

Switch游戏              

中文              

升补/DLC              
",2021-11-24T14:00:20+08:00, 6.39K,"
原版[13.1.0][NSP]
链接: https://pan.baidu.com/s/1WRS9HoukFunR3fGrh8Sfuw 
提取码: fk5u
————————————
魔改10.2.0整合[XCI] 
链接: https://pan.baidu.com/s/1SG8OecVsBMJ-9T3xCPF7aw 
提取码: qpd8
————————————
原版本体直链下载:点我
原版升补直链下载:点我
[该游戏直链每天限流1TB 超出后会下载失败 第二天会重置流量]
————————————
直链最好用游戏区里的 超能多线程下载器 [传送门]   并稍微看下1秒教程 如果采用别的下载器 小容量游戏没问题 如果是稍微大型点的游戏有概率会出错 甚至出现需要账号和密码
",https://switch520.net/1383.html
19070,马里奥高尔夫:超级冲冲冲/中文/本体+4.0整合版/[NSP-XCI][原版+魔改11.0.0],https://imgtu.switch520.com/2021/06/24/8426c21fa255f.jpg,"

3A巨作              

Switch游戏              

中文              
",2021-11-24T12:40:24+08:00, 1.02K,"
原版[13.1.0][NSP]
链接: https://pan.baidu.com/s/1gfCBmEmQT_WF4hedT4DsMA 
提取码: hu3e
————————————
魔改11.0.0整合[XCI] 
链接: https://pan.baidu.com/s/10ysSutKlA5jOk5gYxSVFXQ 
提取码: fadj
————————————
原版本体直链下载:点我
原版升补直链下载:点我
[该游戏直链每天限流1TB 超出后会下载失败 第二天会重置流量]
————————————
直链最好用游戏区里的 超能多线程下载器 [传送门]   并稍微看下1秒教程 如果采用别的下载器 小容量游戏没问题 如果是稍微大型点的游戏有概率会出错 甚至出现需要账号和密码
",https://switch520.net/1380.html
24862,三国群英传8/官方中文/正版离线/整合2.02+全DLC完美学习版,https://imgtu.switch520.com/2021/11/24/e0a833249ed1e.jpg,"

PC游戏下载              
",2021-11-24T11:16:32+08:00, 3.1K,"
 
 
注意:需要STEAM客户端
解压码/安装码 497817
天翼：https://cloud.189.cn/t/Uv22IfYbAraa
链接: https://pan.baidu.com/s/1EjYhS34nMyYH8lxP-R7yMA 
提取码: rugr
",https://switch520.net/1378.html
24845,午夜场/生化危机 无尽黑暗/中文[1080P],https://imgtu.switch520.com/2021/11/23/73be01c08b7b6.jpg,"

啤酒炸鸡系列              
",2021-11-23T21:48:06+08:00, 4.96K,,
24843,公主联盟/官方中文/[NSP-XCI][原版+魔改9.2.0] [冷饭],https://imgtu.switch520.com/2021/11/23/950262da1d7cd.jpg,"

Switch游戏              

中文              
",2021-11-23T18:00:02+08:00, 8.31K,"
原版[11.0.1][NSP]
链接: https://pan.baidu.com/s/1zsNylLfFmhGiBpBR4yzZ3g 
提取码: u2rs
————————————
魔改9.2.0整合[XCI] 
链接: https://pan.baidu.com/s/1oBBc53l7YzR56akQO-Iw_Q 
提取码: gijd
————————————
原版本体直链下载:点我 
[该游戏直链每天限流1TB 超出后会下载失败 第二天会重置流量]
————————————
直链最好用游戏区里的 超能多线程下载器 [传送门]   并稍微看下1秒教程 如果采用别的下载器 小容量游戏没问题 如果是稍微大型点的游戏有概率会出错 甚至出现需要账号和密码
",https://switch520.net/1372.html
24841,11.23号-PC更新3部作品-官方中文/完美学习版,https://imgtu.switch520.com/2021/11/23/53b057c1777b8.jpg,"

PC游戏下载              
",2021-11-23T17:35:07+08:00, 6.73K,"
 

堕落之城莱蒂达亚/Obscurite Magie: The City of Sin（V1.00+DLC）
解压码897427
天翼：https://cloud.189.cn/t/yeIzy2muYnui
百度：https://pan.baidu.com/s/1tJMkzl-BdvQ-EFfNTqM0Mw
提取码：h6p6
=====

Re命运/Re:DESTINY（+DLC）
解压码715583
天翼：https://cloud.189.cn/t/fUzqeimuQzQ3
百度：https://pan.baidu.com/s/1d8mlQUTqVBtuNOk_O8npvA
提取码：jajb
 
=====

King Exit（V1.20-最终典藏版+全DLC）
解压码349618
天翼：https://cloud.189.cn/t/jMrA7bANJrUn
百度：https://pan.baidu.com/s/1zR6BTHJzvlCVDAFxC1Gt8Q
提取码：6j60
",https://switch520.net/1370.html
24837,Days & Fantasy Tavern Sextet [R18] MOD中文整合版/[XCI],https://imgtu.switch520.com/2021/11/23/7f50f32e8ede6.jpg,"

Switch游戏              

中文              
",2021-11-23T16:15:07+08:00, 7.99K,"
 
 
毒娘链接: https://pan.baidu.com/s/16LuFkk14IWfdFoUZfe2VyA 
提取码: busu
==========
杂牌不限速网盘:点我
",https://switch520.net/1367.html
18246,金手指大全包/数据更新到11.23号(持续更新)(含教程),https://switch520.com/wp-content/uploads/2021/11/1635876588-c0008b84e4ff8f9.jpg,"

[神の贴]              

中文              

加藤之指              
",2021-11-23T13:25:37+08:00, 87.03K,,https://url75.ctfile.com/f/34128475-521637830-6fed93
24834,无聊小游戏 5部/英日文/[NSP],https://imgtu.switch520.com/2021/11/23/61494b15f1ce1.jpg,"

Switch游戏              

英-日文              
",2021-11-23T13:14:55+08:00, 2.27K,,
24831,奇妙探险队2/官方中文/整合阿瓦隆高地DLC 完美学习版 [PC],https://imgtu.switch520.com/2021/11/23/4c80efa381bd7.jpg,"

PC游戏下载              
",2021-11-23T11:50:18+08:00, 4.45K,"
 
解压码/安装码 297417
天翼：https://cloud.189.cn/t/auaiaiBZzmyu
毒娘链接: https://pan.baidu.com/s/18OuABPoF2k7zF3jlJzg3uQ 
提取码: ggy8
",https://switch520.net/1363.html
24828,食人族菜肴/官方中文/本体+1.0.5整合版/[NSP-XCI][原版+魔改11.0.0],https://imgtu.switch520.com/2021/11/23/df09cf334c8c1.jpg,"

Switch游戏              

中文              
",2021-11-23T10:38:02+08:00, 3.13K,"
原版[13.1.0][NSP]
链接: https://pan.baidu.com/s/1v21NlcOgF_t0a3lv6qOVDQ 
提取码: itpa
————————————
魔改11.0.0整合[XCI] 
链接: https://pan.baidu.com/s/1KEvC9peYZFieBkFXinryXw 
提取码: nms2
————————————
原版本体直链下载:点我
原版升补直链下载:点我
[该游戏直链每天限流1TB 超出后会下载失败 第二天会重置流量]
————————————
直链最好用游戏区里的 超能多线程下载器 [传送门]   并稍微看下1秒教程 如果采用别的下载器 小容量游戏没问题 如果是稍微大型点的游戏有概率会出错 甚至出现需要账号和密码
",https://switch520.net/1359.html
24826,死亡之门/官方中文/本体+1.1.5b整合版/[NSP-XCI][原版+魔改11.0.0],https://imgtu.switch520.com/2021/11/23/40e6d4572b7bb.jpg,"

Switch游戏              

中文              
",2021-11-23T10:33:10+08:00, 6.75K,"
原版[13.1.0][NSP]
链接: https://pan.baidu.com/s/1I45bOfsv4KrhffGMxxVSJg 
提取码: nr8p
————————————
魔改11.0.0整合[XCI] 
链接: https://pan.baidu.com/s/1vnAmLrNrdnEQYCqsS57vjQ 
提取码: rsdh
————————————
原版本体直链下载:点我
原版升补直链下载:点我
[该游戏直链每天限流1TB 超出后会下载失败 第二天会重置流量]
————————————
直链最好用游戏区里的 超能多线程下载器 [传送门]   并稍微看下1秒教程 如果采用别的下载器 小容量游戏没问题 如果是稍微大型点的游戏有概率会出错 甚至出现需要账号和密码
",https://switch520.net/1357.html
24823,复活同盟 重制版/官方中文/本体+1.0.2整合版/[NSZ-XCI][冷饭],https://imgtu.switch520.com/2021/11/22/d7921a7f39324.jpg,"

Switch游戏              

中文              
",2021-11-22T21:18:17+08:00, 9.95K,"
 
[XCI]安装版
链接: https://pan.baidu.com/s/10UAVfEx_pO8JDL3SKVUlTQ 
提取码: bbcs
===========
[XCI]整合版
链接: https://pan.baidu.com/s/1c1OBYUJI3ENLwFvxijN3Xg
提取码: k6ck
==========
直链下载：点我[上传中]
",https://switch520.net/1353.html
24820,模拟农场22/官方中文/完美学习版,https://imgtu.switch520.com/2021/11/22/53f90e7603288.jpg,"

PC游戏下载              
",2021-11-22T20:44:40+08:00, 3.36K,"
 
 
毒娘链接: https://pan.baidu.com/s/1m_aJc0Vq8s5gBbTg_BHGjA 
提取码: hf8m
",https://switch520.net/1349.html
24818,狂野之心/官方中文/本体+1.1.0整合版/[NSP][原版],https://imgtu.switch520.com/2021/11/22/da5452d38b9a3.jpg,"

Switch游戏              

中文              
",2021-11-22T20:18:05+08:00, 6.25K,"
 
解压密码:switch520
 
毒娘
链接: https://pan.baidu.com/s/1j50_2QQ91K1QKxJJjIh2vw 
提取码: hv28
=================
直链下载：[1号包  2号包  3号包  4号包 ]
4个包同目录解压即可
",https://switch520.net/1347.html
24816,部落迁移/官方中文/[NSP-XCI][原版+魔改9.2.0],https://imgtu.switch520.com/2021/11/22/bdb0f63556b30.jpg,"

Switch游戏              

中文              
",2021-11-22T17:22:20+08:00, 6.18K,"
原版[11.0.1][NSP]
链接: https://pan.baidu.com/s/1oMQPnuhNhXHve0lmFjr-5g 
提取码: 3jgy
————————————
魔改9.2.0整合[XCI] 
链接: https://pan.baidu.com/s/12rmpZD61UsJN45kSXH-6FA 
提取码: piqh
————————————
原版本体直链下载:点我 
[该游戏直链每天限流1TB 超出后会下载失败 第二天会重置流量]
————————————
直链最好用游戏区里的 超能多线程下载器 [传送门]   并稍微看下1秒教程 如果采用别的下载器 小容量游戏没问题 如果是稍微大型点的游戏有概率会出错 甚至出现需要账号和密码
",https://switch520.net/1344.html
24814,暴徒猎手/官方中文/本体+1.0.5整合版/[NSP-XCI][原版+魔改9.2.0],https://imgtu.switch520.com/2021/11/22/fda749e7cbf3a.jpg,"

Switch游戏              

中文              
",2021-11-22T17:07:10+08:00, 8.62K,"
原版[11.0.1][NSP]
链接: https://pan.baidu.com/s/1QHV0OKmTkon22KFEmzV2Iw
提取码: 27i4
————————————
魔改11.0.0整合[XCI] 
链接: https://pan.baidu.com/s/1gHHTubSA42ogq1rRnovLFQ 
提取码: 2a6k
————————————
原版本体直链下载:点我
原版升补直链下载:点我
[该游戏直链每天限流1TB 超出后会下载失败 第二天会重置流量]
————————————
直链最好用游戏区里的 超能多线程下载器 [传送门]   并稍微看下1秒教程 如果采用别的下载器 小容量游戏没问题 如果是稍微大型点的游戏有概率会出错 甚至出现需要账号和密码
",https://switch520.net/1342.html
24812,11.22号-PC更新5部作品-官方中文/完美学习版,https://imgtu.switch520.com/2021/11/22/60a3dd4e4bd36.jpg,"

PC游戏下载              
",2021-11-22T13:02:38+08:00, 10.32K,"

风信楼（正式版-Build.7726697-11.17-完结）
解压码www.cmdw.top
天翼：https://cloud.189.cn/t/63Ub2yRFb22i
百度：https://pan.baidu.com/s/1iUbAeLxche-xCze1EEDZyg
提取码：f852
==========

恶梦～Nightmare～（Build.7741397+DLC）
解压码725158
天翼：https://cloud.189.cn/t/ieiI7rN3qUbu
百度：https://pan.baidu.com/s/1stBsSR_5SDa1dt46FUqdGw
提取码：5syn
======

深夜麻将（V1.2.1+DLC）
解压码533443
天翼：https://cloud.189.cn/t/a2eYNnZvMjmi
百度：https://pan.baidu.com/s/1WiDxNoO8TZrBrvkqaA1lHw
提取码：ofqa
=====

远古众神/Ancient Gods
解压码986843
天翼：https://cloud.189.cn/t/iuMJJrzqqeeq
百度：https://pan.baidu.com/s/1Ttfys-wronA6i6shPRC8ig
提取码：p42w
 
=====

猫不语（Build.7740975）
解压码566535
天翼：https://cloud.189.cn/t/Z7bQRvRvu6fu
百度：https://pan.baidu.com/s/1J-M3AYW71-7Ik5A2OQiEGA
提取码：hdjs
",https://switch520.net/1340.html
22149,了不起的修仙模拟器/整合1.211+武当仙踪+竹林深处-整合热门MOD+合·欢宗/完美学习版,https://imgtu.switch520.com/2021/09/05/904f59cce8294.jpg,"

PC游戏下载              
",2021-11-22T12:50:19+08:00, 24.62K,,https://url75.ctfile.com/f/34128475-521527302-76b548
24807,坂上台风 正式版/日文/[NSP-XCI][原版+魔改10.2.0],https://imgtu.switch520.com/2021/11/22/7970699941b61.png,"

Switch游戏              
",2021-11-22T10:58:57+08:00, 2.13K,"
原版[12.1.0][NSP]
链接: https://pan.baidu.com/s/1Eh3hCa9KzeN6OiKWH5Kw6g 
提取码: 8adv
————————————
魔改10.2.0整合[XCI] 
链接: https://pan.baidu.com/s/1tv1FJ4-x-M6eE-A_5ERR9Q
提取码: inrr
————————————
原版本体直链下载:点我[上传中]
[该游戏直链每天限流1TB 超出后会下载失败 第二天会重置流量]
————————————
直链最好用游戏区里的 超能多线程下载器 [传送门]   并稍微看下1秒教程 如果采用别的下载器 小容量游戏没问题 如果是稍微大型点的游戏有概率会出错 甚至出现需要账号和密码
",https://switch520.net/1338.html
5603,螃蟹大战/官方中文/本体+1.23整合版/[NSP-XCI][原版+魔改10.2.0],https://imgtu.switch520.com/2021/11/22/d69bc1a018c84.jpg,"

Switch游戏              

中文              

升补/DLC              
",2021-11-22T10:50:10+08:00, 5.74K,"
原版[13.1.0][NSP]
链接: https://pan.baidu.com/s/1pDyTTIc0qzZoNQ412qWfpA
提取码: nswi
————————————
魔改11.0.0整合[XCI] 
链接: https://pan.baidu.com/s/1OkVGsubvY7eJoRHqkTAtfQ 
提取码: uzsc
————————————
原版本体直链下载:点我
原版升补直链下载:点我
[该游戏直链每天限流1TB 超出后会下载失败 第二天会重置流量]
————————————
直链最好用游戏区里的 超能多线程下载器 [传送门]   并稍微看下1秒教程 如果采用别的下载器 小容量游戏没问题 如果是稍微大型点的游戏有概率会出错 甚至出现需要账号和密码
",https://switch520.net/1336.html
12483,下一站江湖Ⅰ 惊风苍隐录-卷雪苍隐传/官方中文/最新完美学习版,https://imgtu.switch520.com/2021/11/21/3dd5c84b2b445.jpg,"

PC游戏下载              
",2021-11-21T11:50:30+08:00, 16.01K,,https://url75.ctfile.com/f/34128475-521441783-f6dbbe
24798,小白兔电商/官方中文/完美学习版[PC],https://imgtu.switch520.com/2021/11/21/dfbb80daa7def.jpg,"

PC游戏下载              
",2021-11-21T11:42:59+08:00, 8.47K,"
解压码/安装码 488111
天翼：https://cloud.189.cn/t/AvquEnvm6Ff2
链接: https://pan.baidu.com/s/1KxF4N0HsVor9R3f9tEqhHw 
提取码: 1s3k
",https://switch520.net/1332.html
14062,安琪莉可/官方中文/本体+1.0.1+18DLC整合版/[NSP-XCI][原版+魔改10.2.0],https://imgtu.switch520.com/upload/art_editor/20210521-1/4735ee197df5a70941e6751c37185063.jpg,"

Switch游戏              

中文              

升补/DLC              
",2021-11-21T11:29:07+08:00, 9.46K,"
原版[12.0.2][NSP]
链接: https://pan.baidu.com/s/1PshTihpUOChJTEjN64MB1g
提取码: jumw
————————————
魔改10.2.0整合[XCI] 
链接: https://pan.baidu.com/s/1zSO3o_dkGkrRUFqunVQPqQ 
提取码: ak9a
————————————
魔改整合版直链下载:点我[上传中]
[该游戏直链每天限流1TB 超出后会下载失败 第二天会重置流量]
————————————
直链最好用游戏区里的 超能多线程下载器 [传送门]   并稍微看下1秒教程 如果采用别的下载器 小容量游戏没问题 如果是稍微大型点的游戏有概率会出错 甚至出现需要账号和密码
",https://switch520.net/1330.html
24621,Root/英文版/本体+2DLC整合版[NSP-XCI][原版+魔改11.0.0],https://imgtu.switch520.com/2021/11/17/5a9e49009c7b1.jpg,"

Switch游戏              

升补/DLC              

英文              
",2021-11-21T10:50:56+08:00, 5.01K,"
原版[13.1.0][NSP]
链接: https://pan.baidu.com/s/1tQ1hFat85ESNToaEunEeQA 
提取码: hn5h
 
2DLC
链接: https://pan.baidu.com/s/1768gmYzD-BNpgvojMtiMHA
提取码: 3au1
 
 
————————————
魔改11.0.0整合[XCI] 
链接: https://pan.baidu.com/s/1fIJTQleUFBML_DrBVpDzrA 
提取码: 73qu
————————————
原版本体直链下载:点我 
DLC直链下载:  [1DLC    2DLC]
[该游戏直链每天限流1TB 超出后会下载失败 第二天会重置流量]
————————————
直链最好用游戏区里的 超能多线程下载器 [传送门]   并稍微看下1秒教程 如果采用别的下载器 小容量游戏没问题 如果是稍微大型点的游戏有概率会出错 甚至出现需要账号和密码
",https://switch520.net/1177.html
24789,魔鬼挑战 汉字馆 小学1-6年级/日文/[NSP],https://imgtu.switch520.com/2021/11/21/64ce78c74d2e3.jpg,"

Switch游戏              
",2021-11-21T10:46:31+08:00, 3.07K,"
 
 
 
毒娘链接: https://pan.baidu.com/s/16xig7zA1j5LFELOMv11mpQ 
提取码: 56fb
==========
1年纪直链下载:点我
2年纪直链下载:点我
3年纪直链下载:点我
4年纪直链下载:点我
5年纪直链下载:点我
6年纪直链下载:点我
格雷科的鬼影挑战 直链下载:点我
",https://switch520.net/1325.html
22264,索尼克缤纷色彩 终极版/中文/本体+1.0.6+6DLC整合版/[NSP-XCI][原版+魔改10.2.0],https://imgtu.switch520.com/2021/09/04/84658b7f162cd.jpg,"

Switch游戏              

中文              

升补/DLC              
",2021-11-20T21:20:06+08:00, 27.45K,"
原版[13.1.0][NSP]
链接: https://pan.baidu.com/s/1DgNvL1YGX9RGkQWBXp8noQ
提取码: 5wrt
 
 
————————————
魔改10.2.0整合[XCI] 
链接: https://pan.baidu.com/s/1Z3LOwodIN8ls8ePbIY-96w 
提取码: cgvf
————————————
1.0.6+6DLC整合版魔改10.2.0整合直链下载:点我[上传中]
1.0.4+6DLC整合版魔改10.2.0整合直链下载:点我
1.0.4整合版魔改10.2.0整合直链下载:点我
1.0.2整合版魔改10.2.0整合直链下载:点我
————————————
直链最好用游戏区里的 超能多线程下载器 [传送门]   并稍微看下1秒教程 如果采用别的下载器 小容量游戏没问题 如果是稍微大型点的游戏有概率会出错 甚至出现需要账号和密码
",https://switch520.net/683.html
24785,嘿~嘿~2部曲/官方中文/完美学习版,https://imgtu.switch520.com/2021/11/20/7dff16655e8a7.jpg,"

PC游戏下载              
",2021-11-20T18:25:50+08:00, 27.68K,,https://url75.ctfile.com/f/34128475-521378718-9a0244
24783,11.20号-PC更新6部作品-官方中文/完美学习版,https://imgtu.switch520.com/2021/11/20/cbae463a2fd17.jpg,"

PC游戏下载              
",2021-11-20T18:08:51+08:00, 12.09K,"

笼中窥梦/Moncage
解压码565279
天翼：https://cloud.189.cn/t/jy6nieIbi6vi
百度：https://pan.baidu.com/s/1HfCIxZqTAOC8tPfNswMjfg
提取码：8bvn
======

酒馆带师/Tavern Master（Build.7732164）
解压码227615
天翼：https://cloud.189.cn/t/eayqeiBrIfia
百度：https://pan.baidu.com/s/1IVw8HihnAMV0XQLC9S86WQ
提取码：8qj1
======

3分英雄/3 Minute Heroes（Build.7655442-豪华版+DLC全英雄）
解压码137586
天翼：https://cloud.189.cn/t/BfqUF3fIJfQz
百度：https://pan.baidu.com/s/1-rBEaJYc8HerXuKdudOMnQ
提取码：dntk
======

前辈的召唤：威福战/Call of Senpai: Waifu Warfare（V1.20）
解压码699699
天翼：https://cloud.189.cn/t/2Q3qEbqaURfi
百度：https://pan.baidu.com/s/14PEr6oZibBegfiep-zGXVw
提取码：1o4f
=====

异界转生 这次变成了传说中的勇者呢（受）（V1.0）
解压码393292
天翼：https://cloud.189.cn/t/raIJR3quiAr2
百度：https://pan.baidu.com/s/1zj4vi2aOdjZCPGRcECgSwQ
提取码：zhny
=====

樱花森林女孩3/Sakura Forest Girls 3（V1.0+DLC）
解压码851448
天翼：https://cloud.189.cn/t/f6zQBvbiAVrq
百度：https://pan.baidu.com/s/1Z6Pw14ql8HP-HmTidh9mAQ
提取码：kpx2
======
",https://switch520.net/1320.html
24210,极限竞速 地平线5/官方中文/顶级版/[更新终极稳定补丁]整合全DLC完美学习版,https://imgtu.switch520.com/2021/11/06/6ed04e0ddb335.jpg,"

PC游戏下载              
",2021-11-20T16:50:53+08:00, 77.8K,"
解压码/安装码 914437
天翼：https://cloud.189.cn/t/JbYV7fjQBNre
链接: https://pan.baidu.com/s/1LyjaoSdud0g1qAgLZArUeQ 
提取码: wbq8
============
 
",https://switch520.net/855.html
24780,热力纳斯卡无限版/英文版/本体+1.0.2升补/[NSP][原版],https://imgtu.switch520.com/2021/11/20/a7578e5d8c577.jpg,"

Switch游戏              

英文              
",2021-11-20T14:00:00+08:00, 4.45K,,
24778,柔软战士/中文/本体+1.2.2+72DLC整合版/[XCI][原版+魔改10.2.0],https://imgtu.switch520.com/2021/11/20/86ca91b4ad24c.jpg,"

Switch游戏              

中文              
",2021-11-20T13:53:20+08:00, 4.55K,"
 
 
原版整合[13.0.0][XCI]
链接: https://pan.baidu.com/s/1jzbsUO2J8DxsN-R9hbRa5Q 
提取码: 383b
————————————
魔改10.2.0整合[XCI] 
链接: https://pan.baidu.com/s/1crd1cYARjrARkQLTV3WkRA 
提取码: cn9d
————————————
原版本体直链下载:点我 
[该游戏直链每天限流1TB 超出后会下载失败 第二天会重置流量]
————————————
直链最好用游戏区里的 超能多线程下载器 [传送门]   并稍微看下1秒教程 如果采用别的下载器 小容量游戏没问题 如果是稍微大型点的游戏有概率会出错 甚至出现需要账号和密码
",https://switch520.net/1317.html
22105,生命运动户外挑战/英文版/本体+1.3.0整合版[NSP-XCI][原版+魔改10.2.0],https://imgtu.switch520.com/2021/09/04/7313319369585.jpg,"

Switch游戏              

升补/DLC              

英文              
",2021-11-20T13:36:43+08:00, 7.33K,"
原版[13.0.0][NSP]
链接: https://pan.baidu.com/s/1KTKDu1N5pvgPbTYXsnnGcQ 
提取码: 3623
————————————
魔改10.2.0整合[XCI] 
链接: https://pan.baidu.com/s/1qQoUbSPVulr73fjTLlkhAg 
提取码: qn3t
————————————
原版本体直链下载:点我
原版升补直链下载:点我
[该游戏直链每天限流1TB 超出后会下载失败 第二天会重置流量]
————————————
直链最好用游戏区里的 超能多线程下载器 [传送门]   并稍微看下1秒教程 如果采用别的下载器 小容量游戏没问题 如果是稍微大型点的游戏有概率会出错 甚至出现需要账号和密码
",https://switch520.net/1315.html
23350,今宵邪灵夜/官方中文/本体+1.1.3升补[NSP][原版],https://imgtu.switch520.com/2021/10/15/19a015df9114a.jpg,"

Switch游戏              

中文              

升补/DLC              
",2021-11-20T13:30:53+08:00, 21.19K,"
原版[13.1.0][NSP]
链接: https://pan.baidu.com/s/1Q2HtZq1TClRbpX9VV0eOSg 
提取码: csav
 
原版本体直链下载:点我 
原版升级补丁直链下载：点我
[该游戏直链每天限流1TB 超出后会下载失败 第二天会重置流量]
————————————
直链最好用游戏区里的 超能多线程下载器 [传送门]   并稍微看下1秒教程 如果采用别的下载器 小容量游戏没问题 如果是稍微大型点的游戏有概率会出错 甚至出现需要账号和密码
",https://www.switch520.net/352.html
24772,Exertus Redux/英文版/[NSP-XCI][原版+魔改11.0.0],https://imgtu.switch520.com/2021/11/20/e7b75839c3f60.jpg,"

Switch游戏              

英文              
",2021-11-20T13:28:28+08:00, 1.36K,"
原版[13.1.0][NSP]
链接: https://pan.baidu.com/s/1VfPBod1LurVuEgJ3lLV1SA 
提取码: 3su9
————————————
魔改11.0.0整合[XCI] 
链接: https://pan.baidu.com/s/1v5ztR52x7ntThHi7s0F8-Q 
提取码: g7w4
————————————
原版本体直链下载:点我 
[该游戏直链每天限流1TB 超出后会下载失败 第二天会重置流量]
————————————
直链最好用游戏区里的 超能多线程下载器 [传送门]   并稍微看下1秒教程 如果采用别的下载器 小容量游戏没问题 如果是稍微大型点的游戏有概率会出错 甚至出现需要账号和密码
",https://switch520.net/1312.html
23504,宝石战争/中文/本体+6.0.0整合版/[NSP-XCI][原版+魔改10.2.0][联机版],https://imgtu.switch520.com/2021/10/19/e8ebde0463091.jpg,"

Switch游戏              

中文              

升补/DLC              
",2021-11-20T13:23:06+08:00, 11.72K,"
原版[13.1.0][NSP]
链接: https://pan.baidu.com/s/1n5WRN7wAO3-CfVRJY-MYTw 
提取码: 6tff
————————————
魔改10.2.0整合[XCI] 
链接: https://pan.baidu.com/s/1MVnFUGXWEAqX2eljXeIBtg 
提取码: 5871
————————————
原版本体直链下载:点我
原版升补直链下载:点我
[该游戏直链每天限流1TB 超出后会下载失败 第二天会重置流量]
————————————
直链最好用游戏区里的 超能多线程下载器 [传送门]   并稍微看下1秒教程 如果采用别的下载器 小容量游戏没问题 如果是稍微大型点的游戏有概率会出错 甚至出现需要账号和密码
",https://switch520.net/1310.html
18455,欺诈之地/官方中文/本体+1.0.4整合版/[XCI+NSP][原版+魔改10.2.0],https://imgtu.switch520.com/upload/art_editor/20210608-1/ea56fa899ad3557d07f4385e99aa93c9.jpg,"

Switch游戏              

中文              

升补/DLC              
",2021-11-20T13:20:13+08:00, 10.54K,"
原版[13.1.0][NSP]
链接: https://pan.baidu.com/s/1r-P9jdQeJG2nSNQ-HwJnpQ 
提取码: n3xb
————————————
魔改10.2.0整合[XCI] 
链接: https://pan.baidu.com/s/1yH6X86IBS1AUVbgR9pQr9A
提取码: jv1s
————————————
原版本体直链下载:点我
原版升补直链下载:点我
[该游戏直链每天限流1TB 超出后会下载失败 第二天会重置流量]
————————————
直链最好用游戏区里的 超能多线程下载器 [传送门]   并稍微看下1秒教程 如果采用别的下载器 小容量游戏没问题 如果是稍微大型点的游戏有概率会出错 甚至出现需要账号和密码
",https://switch520.net/1308.html
21934,植兽物语/官方中文/本体+1.04整合版/[NSP-XCI][原版+魔改10.2.0],https://imgtu.switch520.com/2021/09/01/329c6486760f2.png,"

Switch游戏              

中文              

升补/DLC              
",2021-11-20T13:16:15+08:00, 12.94K,"
原版[13.1.0][NSP]
链接: https://pan.baidu.com/s/1m9QcQ79N_c355pmpShomTA 
提取码: ga4d
————————————
魔改10.2.0整合[XCI] 
链接: https://pan.baidu.com/s/14AYkV8g-UKkpDv723ifiFA 
提取码: fxe7
————————————
原版本体直链下载:点我
原版升补直链下载:点我
[该游戏直链每天限流1TB 超出后会下载失败 第二天会重置流量]
————————————
直链最好用游戏区里的 超能多线程下载器 [传送门]   并稍微看下1秒教程 如果采用别的下载器 小容量游戏没问题 如果是稍微大型点的游戏有概率会出错 甚至出现需要账号和密码
",https://switch520.net/1306.html
24766,Poker Texas&Omaha Hold’em/官方中文/[NSP-XCI][原版+魔改11.0.0],https://imgtu.switch520.com/2021/11/20/d2441fb747d5a.jpg,"

Switch游戏              

中文              
",2021-11-20T13:13:42+08:00, 2.9K,"
原版[13.0.0][NSP]
链接: https://pan.baidu.com/s/1j5lXwjrMq1YrC4QptpJ2PA 
提取码: 9ghr
————————————
魔改11.0.0整合[XCI] 
链接: https://pan.baidu.com/s/1WSWYa7RZKxUzovkIlXXVDA 
提取码: sgf7
————————————
原版本体直链下载:点我 
[该游戏直链每天限流1TB 超出后会下载失败 第二天会重置流量]
————————————
直链最好用游戏区里的 超能多线程下载器 [传送门]   并稍微看下1秒教程 如果采用别的下载器 小容量游戏没问题 如果是稍微大型点的游戏有概率会出错 甚至出现需要账号和密码
",https://switch520.net/1304.html
24218,超级摩博任务/英文版/本体+1.0.2整合版/[NSP-XCI][原版+魔改11.0.0],https://imgtu.switch520.com/2021/11/07/3eb7611fed234.jpg,"

Switch游戏              

升补/DLC              

英文              
",2021-11-20T13:08:35+08:00, 3.07K,"
原版[13.1.0][NSP]
链接: https://pan.baidu.com/s/1bi0cwD4jhe84syK98ZiVpQ 
提取码: dyct
————————————
魔改11.0.0整合[XCI] 
链接: https://pan.baidu.com/s/10gFRG-PUXAm-fuxGW5vAIg 
提取码: 1xeg
————————————
原版本体直链下载:点我
原版升补直链下载:点我
[该游戏直链每天限流1TB 超出后会下载失败 第二天会重置流量]
————————————
直链最好用游戏区里的 超能多线程下载器 [传送门]   并稍微看下1秒教程 如果采用别的下载器 小容量游戏没问题 如果是稍微大型点的游戏有概率会出错 甚至出现需要账号和密码
",https://switch520.net/859.html
24759,以撒的结合:胎衣+/英日文/本体+1.5.0升补整合版/[NSP-XCI][原版+魔改11.0.0],https://imgtu.switch520.com/upload/art_editor/20201115-1/e6be2507782e6fffe61a461ab85664e9.jpg,"

Switch游戏              

英-日文              
",2021-11-20T13:01:34+08:00, 3.11K,"
原版[13.1.0][NSP]
链接: https://pan.baidu.com/s/18p2Cy4UykpzpU68w2r6xAg 
提取码: bab7
————————————
魔改11.0.0整合[XCI] 
链接: https://pan.baidu.com/s/1mzWXivxoDETWb5kkQoU17w 
提取码: xhun
————————————
原版本体直链下载:点我
原版升补直链下载:点我
[该游戏直链每天限流1TB 超出后会下载失败 第二天会重置流量]
————————————
直链最好用游戏区里的 超能多线程下载器 [传送门]   并稍微看下1秒教程 如果采用别的下载器 小容量游戏没问题 如果是稍微大型点的游戏有概率会出错 甚至出现需要账号和密码
",https://switch520.net/1298.html
24096,超级萨米卷/英日文/本体+1.0.3整合版/[NSP-XCI][原版+魔改11.0.0],https://imgtu.switch520.com/2021/11/04/5f559615d9742.jpg,"

Switch游戏              

英文              
",2021-11-20T13:00:42+08:00, 4.34K,"
原版[13.1.0][NSP]
链接: https://pan.baidu.com/s/1SSkJL1p_IVl0e7M5d1C_gw 
提取码: 8trj
————————————
魔改11.0.0整合[XCI] 
链接: https://pan.baidu.com/s/1JrNI07Yoc0xVO8FA0XnFKg 
提取码: 4zpf
————————————
原版本体直链下载:点我
原版升补直链下载:点我
[该游戏直链每天限流1TB 超出后会下载失败 第二天会重置流量]
————————————
直链最好用游戏区里的 超能多线程下载器 [传送门]   并稍微看下1秒教程 如果采用别的下载器 小容量游戏没问题 如果是稍微大型点的游戏有概率会出错 甚至出现需要账号和密码
",https://switch520.net/787.html
23525,面具之墓/官方中文/本体+1.1.0整合版[NSP-XCI][原版+魔改10.2.0],https://imgtu.switch520.com/2021/10/21/a7437be17eb6a.png,"

Switch游戏              

中文              

升补/DLC              
",2021-11-20T12:40:09+08:00, 4.38K,"
原版[13.1.0][NSP]
链接: https://pan.baidu.com/s/14nlifyzi-2thXPTOeeSgFQ 
提取码: qchk
————————————
魔改11.0.0整合[XCI] 
链接: https://pan.baidu.com/s/14RB0t4NNBj6lQ-1mLHvGmQ 
提取码: 6yg8
————————————
原版本体直链下载:点我
原版升补直链下载:点我
[该游戏直链每天限流1TB 超出后会下载失败 第二天会重置流量]
————————————
直链最好用游戏区里的 超能多线程下载器 [传送门]   并稍微看下1秒教程 如果采用别的下载器 小容量游戏没问题 如果是稍微大型点的游戏有概率会出错 甚至出现需要账号和密码
",https://switch520.net/1296.html
24755,威士忌 黑手党 里奥的家族/英文版/[NSP-XCI][原版+魔改11.0.0],https://imgtu.switch520.com/2021/11/20/ffa7a7162fd52.jpg,"

Switch游戏              

英文              
",2021-11-20T12:35:48+08:00, 2.03K,"
原版[13.0.0][NSP]
链接: https://pan.baidu.com/s/1JZwOdD4PePMwGqKVev5qqg 
提取码: d4a4
————————————
魔改11.0.0整合[XCI] 
链接: https://pan.baidu.com/s/1aDcNnVrzDyO9Njk2Ntto8w 
提取码: xbcn
————————————
原版本体直链下载:点我 
[该游戏直链每天限流1TB 超出后会下载失败 第二天会重置流量]
————————————
直链最好用游戏区里的 超能多线程下载器 [传送门]   并稍微看下1秒教程 如果采用别的下载器 小容量游戏没问题 如果是稍微大型点的游戏有概率会出错 甚至出现需要账号和密码
",https://switch520.net/1294.html
23522,油管主播的生活2/中文/本体+1.2.2.1整合版/[NSP-XCI][原版+魔改10.2.0],https://imgtu.switch520.com/2021/10/21/706dbca2d0cdf.jpg,"

Switch游戏              

中文              

升补/DLC              
",2021-11-20T12:30:58+08:00, 7.96K,"
原版[13.1.0][NSP]
链接: https://pan.baidu.com/s/1FiCUU93C8g5NXaqd7uvQPw 
提取码: j2bb
————————————
魔改11.0.0整合[XCI] 
链接: https://pan.baidu.com/s/1EXGtubuurQ3dA3DH4Es_uA 
提取码: asku
————————————
原版本体直链下载:点我
原版升补直链下载:点我
[该游戏直链每天限流1TB 超出后会下载失败 第二天会重置流量]
————————————
直链最好用游戏区里的 超能多线程下载器 [传送门]   并稍微看下1秒教程 如果采用别的下载器 小容量游戏没问题 如果是稍微大型点的游戏有概率会出错 甚至出现需要账号和密码
",https://switch520.net/1292.html
23218,极乐迪斯科/中文/本体+1.0.2整合版/[NSP-XCI][原版+魔改11.0.0],https://imgtu.switch520.com/2021/10/12/0971035cff581.jpg,"

Switch游戏              

中文              
",2021-11-19T21:38:11+08:00, 21.26K,"
原版[13.0.0][NSP]
链接: https://pan.baidu.com/s/1JjrkyLYG5pac9N5uydLH5w
提取码: dgkt
 
1.0.2升级补丁
链接: https://pan.baidu.com/s/1A23BQ7p3F-L3xWQ0BGJExw 
提取码: f9wd
————————————
魔改11.0.0整合[XCI] [自动上传中 上传完毕自动显示]
链接：https://pan.baidu.com/s/1RclDJaVUj49Mx_22DugQxQ
提取码：yxdo
————————————
原版本体直链下载:点我
原版升补直链下载:点我
[该游戏直链每天限流1TB 超出后会下载失败 第二天会重置流量]
————————————
谷歌网盘下载：点我
直链最好用游戏区里的 超能多线程下载器 [传送门]   并稍微看下1秒教程 如果采用别的下载器 小容量游戏没问题 如果是稍微大型点的游戏有概率会出错 甚至出现需要账号和密码
",https://switch520.net/1288.html
10002,动物森友会/本体+2.0.2升补+3DLC/[NSP][原版],https://imgtu.switch520.com/upload/art_editor/20210228-1/456c66549a1903bb3c765c208930f9ce.jpg,"

3A巨作              

Switch游戏              

中文              
",2021-11-19T21:10:36+08:00, 131.29K,"
 
如需解压密码：switch520.com
 [原版13.1.0]
链接: https://pan.baidu.com/s/1Q94KXJTzRPBTNQjtZUamMg 
提取码: tna7
 
原版2.0.2升级补丁
链接: https://pan.baidu.com/s/1uvavRyldZFZJonGYVgVhoQ 
提取码: 2i9d
 
————————————[直链上传中]
原版本体直链下载：点我
原版升补直链下载：点我
原版DLC直链下载:    点我
————————————
直链最好用游戏区里的 超能多线程下载器 [传送门]   并稍微看下1秒教程 如果采用别的下载器 小容量游戏没问题 如果是稍微大型点的游戏有概率会出错 甚至出现需要账号和密码
",https://switch520.net/750.html
24743,枪火重生/官方中文/完美学习版,https://imgtu.switch520.com/2021/11/19/f338086d7d752.jpg,"

PC游戏下载              
",2021-11-19T17:51:55+08:00, 11.41K,"
 
链接: https://pan.baidu.com/s/1wKFwOyFVGggGOCPXlyllBw
提取码: 1fay
",https://switch520.net/1284.html
24738,宝可梦 珍珠&钻石 /1.1.1金手指,https://imgtu.switch520.com/2021/11/19/b9d072da47a6a.jpg,"

加藤之指              
",2021-11-19T17:28:48+08:00, 15.49K,,
24736,吸血莱恩2 改进版/英文版/[NSP][原版],https://imgtu.switch520.com/2021/11/19/ef1d1108e3b13.jpg,"

Switch游戏              

英文              
",2021-11-19T17:17:08+08:00, 5.69K,,
22636,暗黑破坏神2/中文/本体+1.0.0.7.1整合版/[免关联 免存档][原版+魔改11.0.0],https://imgtu.switch520.com/2021/09/24/b23573460f354.jpg,"

Switch游戏              

中文              
",2021-11-19T17:00:40+08:00, 126.4K,,
21210,游戏王Rush Duel 最强混战/日文/本体+1.1.0整合版[NSP-XCI][原版+魔改10.2.0],https://imgtu.switch520.com/2021/08/13/9093a1c0a1295.png,"

Switch游戏              

中文              

升补/DLC              
",2021-11-19T15:50:21+08:00, 16.15K,"
原版[13.1.0][NSP]
链接: https://pan.baidu.com/s/1vxi-o69At568tfyAFe3L2w 
提取码: 2xkg
————————————
魔改10.2.0整合[XCI] 
链接: https://pan.baidu.com/s/1g7m9PvxPJy3tQQNctkCA9g 
提取码: tx38
————————————[直链上传中]
原版本体直链下载:点我
原版升补直链下载:点我
[该游戏直链每天限流1TB 超出后会下载失败 第二天会重置流量]
————————————
直链最好用游戏区里的 超能多线程下载器 [传送门]   并稍微看下1秒教程 如果采用别的下载器 小容量游戏没问题 如果是稍微大型点的游戏有概率会出错 甚至出现需要账号和密码
",https://switch520.net/1282.html
24725,11.19号-PC更新7部作品-官方中文/完美学习版,https://imgtu.switch520.com/2021/11/19/d6c0726cdf1f9.jpg,"

PC游戏下载              
",2021-11-19T11:40:38+08:00, 14.98K,"
 

与芙兰朵露一起捉迷藏吧（Build.7670390+中文语音）
解压码771525
天翼：https://cloud.189.cn/t/EVvMjqUN3yA3
百度：https://pan.baidu.com/s/1KticMDKdmUD26NMRWJIYtA
提取码：3sw2
============

前进吧：高捷少女PLUS/Initiating Station PLUS
解压码118395
天翼：https://cloud.189.cn/t/yymAz2MZVJRn
百度：https://pan.baidu.com/s/1kYhgNitKBuhQMAcwvNr57Q
提取码：1i06
==============

病毒僵尸转生/Vin（V1.0.0+全DLC）
解压码872111
天翼：https://cloud.189.cn/t/vUnInuQ3U7Zv
百度：https://pan.baidu.com/s/1RWOYyGq41U-LrAoW_oemlw
提取码：7jk3
========

长尾豹马修大冒险/MARSUPILAMI – HOOBADVENTURE
解压码128863
天翼：https://cloud.189.cn/t/zMFRNjVVJfYj
百度：https://pan.baidu.com/s/1QxVZv-pc7W89XM6oeDrLjQ
提取码：f95c
=============

最后的战役：劫后余生/The Last Stand：Aftermath
解压码955232
天翼：https://cloud.189.cn/t/IVrUnmRBjQVb
百度：https://pan.baidu.com/s/1DtwKZZm_jSsF-ZhHKmVsHQ
提取码：f3ev
==========

奥西里斯：新黎明/Osiris: New Dawn（v0.5.226）
解压码956736
天翼：https://cloud.189.cn/t/BRjEzyyA7rYn
百度：https://pan.baidu.com/s/1M2-A2OegKE7EyAXsiwkN2Q
提取码：34k1
============

海克斯炸欢天：英雄联盟外传/Hextech Mayhem: A League of Legends Story（V1.21-中文语音）
解压码991148
天翼：https://cloud.189.cn/t/m6bE7biiiaqm
百度：https://pan.baidu.com/s/1y4PHPIV99nwpw40otKLHyw
提取码：qpa5
",https://switch520.net/1277.html
24723,碧蓝航线 终极版/官方中文/完美学习版 [有视频注意音量],https://imgtu.switch520.com/2021/11/19/77cabf33c5ba1.jpg,"

PC游戏下载              
",2021-11-19T11:30:06+08:00, 14.15K,"
 
 
解压码/安装码 122938
天翼：https://cloud.189.cn/t/rEZJ7ffqUFZv 
链接: https://pan.baidu.com/s/1dpss9iNDDQ0sh3obvje9Aw 
提取码: 2dqr
",https://switch520.net/1275.html
16172,光明记忆 无限 终极版/中文语音/整合全DLC完美学习版 [有视频注意音量],https://imgtu.switch520.com/2021/11/19/2115d8784d182.jpg,"

PC游戏下载              
",2021-11-19T11:15:16+08:00, 22.58K,"
 
解压码/安装码 113891
天翼：https://cloud.189.cn/t/IBRbmyYvmyem
链接: https://pan.baidu.com/s/1KKEMFcVyC3Z4EHB47NnStg
提取码: c5sp
",https://switch520.net/1273.html
24716,意.料.之.外./官方中文/[NSP-XCI][原版+魔改10.2.0][在线版],https://imgtu.switch520.com/2021/11/19/83b7bf6eeaaac.jpg,"

Switch游戏              

中文              
",2021-11-19T11:00:47+08:00, 5.15K,"
原版[13.0.0][NSP]
链接: https://pan.baidu.com/s/1THrRqMKrc5VrXaOXEL43Mw
提取码: e3vp
————————————
魔改11.0.0整合[XCI] 
链接: https://pan.baidu.com/s/1NZgRqgQpXoR1wbupCa4VYw 
提取码: 2th9
————————————
原版本体直链下载:点我 
[该游戏直链每天限流1TB 超出后会下载失败 第二天会重置流量]
————————————
直链最好用游戏区里的 超能多线程下载器 [传送门]   并稍微看下1秒教程 如果采用别的下载器 小容量游戏没问题 如果是稍微大型点的游戏有概率会出错 甚至出现需要账号和密码
",https://switch520.net/1271.html
6990,喵斯快跑/官方中文/本体+1.6.0整合版/[NSP-XCI][原版+魔改9.2.0],https://imgtu.switch520.com/upload/art_editor/20201028-1/c1bb0e4b8f2b823ade18415a95f2b594.jpg,"

Switch游戏              

中文              
",2021-11-19T11:00:42+08:00, 12.74K,,
14240,海洋之王:King of Seas/官方中文/本体+1.0.4升补整合即撸版/[XCI][魔改9.2],https://imgtu.switch520.com/upload/art_editor/20210525-1/c0e7a26ef82edcde220a4d2a9a5d99e4.jpg,"

Switch游戏              

中文              
",2021-11-19T11:00:04+08:00, 16.4K,,
24714,冰之站台Z/日文/本体+1.1+3DLC整合版/[NSP-XCI][原版+魔改11.0.0],https://imgtu.switch520.com/2021/11/19/06df183ea4639.jpg,"

Switch游戏              
",2021-11-19T10:53:21+08:00, 4.34K,"
原版[13.1.0][NSP]
链接: https://pan.baidu.com/s/1tc9cp4E0zcJX3PApnZXFzA
提取码: yzqp
————————————
魔改11.0.0整合[XCI] 
链接: https://pan.baidu.com/s/10rMfqhqNYfRHfyD65zuXrQ 
提取码: 2vmu
————————————
本游戏不提供直链
————————————
直链最好用游戏区里的 超能多线程下载器 [传送门]   并稍微看下1秒教程 如果采用别的下载器 小容量游戏没问题 如果是稍微大型点的游戏有概率会出错 甚至出现需要账号和密码
",https://switch520.net/1269.html
24712,意识迷宫 克苏鲁卡牌/英文版/[NSP-XCI][原版+魔改10.2.0],https://imgtu.switch520.com/2021/11/19/0239864d6171c.jpg,"

Switch游戏              

英文              
",2021-11-19T10:47:45+08:00, 1.79K,"
原版[11.0.1][NSP]
链接: https://pan.baidu.com/s/17hTrceJkR9C9SSytsIcPCw 
提取码: 83cg
————————————
魔改10.2.0整合[XCI] 
链接: https://pan.baidu.com/s/1YdBNCz6UMbkhY661nxP-9A
提取码: vqvd
————————————
原版本体直链下载:点我 
[该游戏直链每天限流1TB 超出后会下载失败 第二天会重置流量]
————————————
直链最好用游戏区里的 超能多线程下载器 [传送门]   并稍微看下1秒教程 如果采用别的下载器 小容量游戏没问题 如果是稍微大型点的游戏有概率会出错 甚至出现需要账号和密码
",https://switch520.net/1267.html
24710,性感女忍同居生活2/官方中文/[NSP-XCI][原版+魔改10.2.0],https://imgtu.switch520.com/2021/11/19/7466cf7b5d45e.jpg,"

Switch游戏              

中文              
",2021-11-19T10:41:23+08:00, 9.41K,"
原版[12.1.0][NSP]
链接: https://pan.baidu.com/s/1KZDdm5Fq-A7IK9jLt8SdVQ 
提取码: mt97
————————————
魔改10.2.0整合[XCI] 
链接: https://pan.baidu.com/s/1GEc_l3b-hPccb7gdCIOxtA 
提取码: ew68
————————————
原版本体直链下载:点我 
[该游戏直链每天限流1TB 超出后会下载失败 第二天会重置流量]
————————————
直链最好用游戏区里的 超能多线程下载器 [传送门]   并稍微看下1秒教程 如果采用别的下载器 小容量游戏没问题 如果是稍微大型点的游戏有概率会出错 甚至出现需要账号和密码
",https://switch520.net/1265.html
24708,Little Night Wars/日文/[NSP],https://imgtu.switch520.com/2021/11/19/ab521a46e460e.jpg,"

Switch游戏              
",2021-11-19T10:34:53+08:00, 1.39K,"
毒娘下载
 链接: https://pan.baidu.com/s/1nHLLaJaxVCPEIef_z7wD4g 
提取码: nuk6
————————————
直链下载:点我
————————————
直链最好用游戏区里的 超能多线程下载器 [传送门]   并稍微看下1秒教程 如果采用别的下载器 小容量游戏没问题 如果是稍微大型点的游戏有概率会出错 甚至出现需要账号和密码
",https://switch520.net/1263.html
24706,Shapeshooter/英文版/[NSP-XCI][原版+魔改10.2.0],https://imgtu.switch520.com/2021/11/19/a87f186e628ea.jpg,"

Switch游戏              

英文              
",2021-11-19T10:28:28+08:00, 781,"
 
 
原版[12.0.2][NSP]
链接: https://pan.baidu.com/s/14c4BemZvPw7m2xe3cK8aIg 
提取码: 3ryf
————————————
魔改10.2.0整合[XCI] 
链接: https://pan.baidu.com/s/1ARaBN9udnpm3zMnbxyt7HA 
提取码: j12q
————————————
原版本体直链下载:点我 
[该游戏直链每天限流1TB 超出后会下载失败 第二天会重置流量]
————————————
直链最好用游戏区里的 超能多线程下载器 [传送门]   并稍微看下1秒教程 如果采用别的下载器 小容量游戏没问题 如果是稍微大型点的游戏有概率会出错 甚至出现需要账号和密码
",https://switch520.net/1261.html
24703,斯莫茨高尔夫/英文版/[NSP-XCI][原版+魔改10.2.0],https://imgtu.switch520.com/2021/11/19/e23b575ce091c.jpg,"

Switch游戏              

英文              
",2021-11-19T10:17:31+08:00, 913,"
 
 
原版[12.1.0][NSP]
链接: https://pan.baidu.com/s/10bmaa3znxuGlf7UVYWAPqg 
提取码: 4c6r
————————————
魔改10.2.0整合[XCI] 
链接: https://pan.baidu.com/s/1TmkTM9lvAszXzkvJhGtQqg 
提取码: 6wts
————————————
原版本体直链下载:点我 
[该游戏直链每天限流1TB 超出后会下载失败 第二天会重置流量]
————————————
直链最好用游戏区里的 超能多线程下载器 [传送门]   并稍微看下1秒教程 如果采用别的下载器 小容量游戏没问题 如果是稍微大型点的游戏有概率会出错 甚至出现需要账号和密码
",https://switch520.net/1259.html
24701,蜡像馆/官方中文/[NSP-XCI][原版+魔改10.2.0],https://imgtu.switch520.com/2021/11/19/c42b07efb4ec3.jpg,"

Switch游戏              

中文              
",2021-11-19T10:00:38+08:00, 3.19K,"
原版[13.0.0][NSP]
链接: https://pan.baidu.com/s/1RPaqZOeBWoOUdIqoEL2rfA
提取码: 87c3
————————————
魔改10.2.0整合[XCI] 
链接: https://pan.baidu.com/s/1AkM8j0Z_utikfevfRBiNzA
提取码: wj5g
————————————
原版本体直链下载:点我 
[该游戏直链每天限流1TB 超出后会下载失败 第二天会重置流量]
————————————
直链最好用游戏区里的 超能多线程下载器 [传送门]   并稍微看下1秒教程 如果采用别的下载器 小容量游戏没问题 如果是稍微大型点的游戏有概率会出错 甚至出现需要账号和密码
",https://switch520.net/1257.html
24699,你想经营一家偶像咖啡馆吗?/日文/[NSP-XCI][原版+魔改10.2.0],https://imgtu.switch520.com/2021/11/19/450a7173fbc63.jpg,"

Switch游戏              
",2021-11-19T09:55:27+08:00, 1.68K,"
原版[13.0.0][NSP]
链接: https://pan.baidu.com/s/1_fl4NtBOEfG0IKA7pD7hHw 
提取码: 4dqi
————————————
魔改11.0.0整合[XCI] 
链接: https://pan.baidu.com/s/1jmFKOH1gYxrpFu9OguJmPQ
提取码: axwa
————————————
原版本体直链下载:点我 
[该游戏直链每天限流1TB 超出后会下载失败 第二天会重置流量]
————————————
直链最好用游戏区里的 超能多线程下载器 [传送门]   并稍微看下1秒教程 如果采用别的下载器 小容量游戏没问题 如果是稍微大型点的游戏有概率会出错 甚至出现需要账号和密码
",https://switch520.net/1255.html
22772,风火轮 释放/中文/本体+1.0.4+16DLC整合版/[NSP-XCI][原版+魔改10.2.0],https://imgtu.switch520.com/2021/09/30/08cebbd65346c.jpg,"

Switch游戏              

中文              

升补/DLC              
",2021-11-19T09:55:03+08:00, 10.73K,"
原版[13.1.0][NSP]
链接: https://pan.baidu.com/s/1znV1O8tVqI1wUyDJiYzHQw 
提取码: 5uek
 
1.0.4+16DLC
链接: https://pan.baidu.com/s/1TvyTW1ycCmaxwDeYCn-aEw
 提取码: yvke
————————————
魔改10.2.0整合[XCI] 
链接: https://pan.baidu.com/s/12-75LD7CGjQIC3LBEPxKwQ 
提取码: gjq8
————————————
魔改整合版直链下载:点我[上传中]
[该游戏直链每天限流1TB 超出后会下载失败 第二天会重置流量]
————————————
直链最好用游戏区里的 超能多线程下载器 [传送门]   并稍微看下1秒教程 如果采用别的下载器 小容量游戏没问题 如果是稍微大型点的游戏有概率会出错 甚至出现需要账号和密码
",https://switch520.net/1279.html
7859,太鼓达人/官方中文/本体+1.4.12+315DLC整合即撸版/[XCI][原版+魔改9.2],https://imgtu.switch520.com/upload/art_editor/20201213-1/bcd21cd9a62bb4b7ce275975505dd242.jpg,"

Switch游戏              

中文              

升补/DLC              
",2021-11-19T09:30:45+08:00, 29.68K,,
24695,太空蛾 月球版/英日文/本体+1.0.0b整合版/[NSP-XCI][原版+魔改10.2.0],https://imgtu.switch520.com/2021/11/18/e93e6c8b3a925.jpg,"

Switch游戏              

英-日文              
",2021-11-18T18:58:42+08:00, 2.16K,"
原版[13.0.0][NSP]
链接: https://pan.baidu.com/s/1oEuIZzoWhCO1AO4HbtE2Yw 
提取码: cajc
————————————
魔改10.2.0整合[XCI] 
链接: https://pan.baidu.com/s/1L6E2TFN3jmoa0H4rGsqSaw 
提取码: 8pyi
————————————
原版本体直链下载:点我
原版升补直链下载:点我
[该游戏直链每天限流1TB 超出后会下载失败 第二天会重置流量]
————————————
直链最好用游戏区里的 超能多线程下载器 [传送门]   并稍微看下1秒教程 如果采用别的下载器 小容量游戏没问题 如果是稍微大型点的游戏有概率会出错 甚至出现需要账号和密码
",https://switch520.net/1253.html
24693,狂暴机械鲨鱼/英文版/[NSP-XCI][原版+魔改10.2.0],https://imgtu.switch520.com/2021/11/18/f427ede39b74a.jpg,"

Switch游戏              

英文              
",2021-11-18T18:54:10+08:00, 3.55K,"
原版[12.1.0][NSP]
链接: https://pan.baidu.com/s/1pCCddu6vYpY_WQMRJjr80Q 
提取码: hpex
————————————
魔改10.2.0整合[XCI] 
链接: https://pan.baidu.com/s/1zOZ-uItNprINjSdshYQfBg 
提取码: x8ss
————————————
原版本体直链下载:点我 
[该游戏直链每天限流1TB 超出后会下载失败 第二天会重置流量]
————————————
直链最好用游戏区里的 超能多线程下载器 [传送门]   并稍微看下1秒教程 如果采用别的下载器 小容量游戏没问题 如果是稍微大型点的游戏有概率会出错 甚至出现需要账号和密码
",https://switch520.net/1251.html
7714,马力欧赛车实况:家庭赛车场/中文/本体+2.0整合版/[NSP-XCI][原版+魔改10.2.0],https://imgtu.switch520.com/2021/07/02/13d81c4e30e37.jpg,"

Switch游戏              

中文              

升补/DLC              
",2021-11-18T17:20:11+08:00, 18.47K,"
原版[13.1.0][NSP]
链接: https://pan.baidu.com/s/1qocuN2yImSPXs1392_CGmg 
提取码: pp6i
————————————
魔改10.2.0整合[XCI] 
链接: https://pan.baidu.com/s/1hdZORVrgAiUJ2DCiZZfENw 
提取码: yehi
————————————
原版本体直链下载:点我[上传中]
[该游戏直链每天限流1TB 超出后会下载失败 第二天会重置流量]
————————————
直链最好用游戏区里的 超能多线程下载器 [传送门]   并稍微看下1秒教程 如果采用别的下载器 小容量游戏没问题 如果是稍微大型点的游戏有概率会出错 甚至出现需要账号和密码
",https://switch520.net/1249.html
24354,宝可梦 晶灿钻石/官方中文/本体+1.1.1整合版/[NSP-XCI][原版+魔改11.0.0],https://imgtu.switch520.com/2021/11/09/f8c3dd2fc828b.jpg,"

3A巨作              

Switch游戏              

中文              
",2021-11-18T17:00:03+08:00, 218.78K,"
 
原版[13.0.0]
链接: https://pan.baidu.com/s/1MCludap_6Y0AFT650amDeA 
提取码: trrs
 
1.1.1补丁
链接: https://pan.baidu.com/s/1lF7wq_i5YQSn_CIuF2zqDQ 
提取码: c44g
===============
11.0.0魔改整合版
链接: https://pan.baidu.com/s/1NoelqGYhW97P0uwINY95hA 
提取码: q2m3
===============
 
原版本体直链下载：点我
原版升补直链下载：点我
[该游戏直链每天限流1TB 超出后会下载失败 第二天会重置流量]
",https://switch520.net/918.html
21728,巴尔多 猫头鹰守卫者/中文/本体+1.0.6整合版/[NSP-XCI][原版+魔改10.2.0],https://imgtu.switch520.com/2021/08/27/ebab64d13ae57.jpg,"

Switch游戏              

中文              
",2021-11-18T15:00:27+08:00, 27.91K,,
24681,失魂者 豪华版/官方中文/完美学习版 [有视频注意音量],https://imgtu.switch520.com/2021/11/18/459e67fbbdda6.jpg,"

PC游戏下载              
",2021-11-18T12:46:01+08:00, 11.38K,"
 
 
链接: https://pan.baidu.com/s/1uASC-qPfQ5obwEHJ397IsQ 
提取码: ayx3
",https://switch520.net/1240.html
24675,恶魔水晶4/原汁日文/[NSP-XCI][原版+魔改10.2.0],https://imgtu.switch520.com/2021/11/18/434425105cf1d.jpg,"

Switch游戏              
",2021-11-18T12:01:02+08:00, 2.48K,"
原版[12.1.0][NSP]
链接: https://pan.baidu.com/s/17LxVUCKrL7zZewBTxqpWJQ 
提取码: k32v
————————————
魔改10.2.0整合[XCI] 
链接: https://pan.baidu.com/s/1Os6a9HmnJFGyyPWTgUGX1g 
提取码: usnt
————————————
原版本体直链下载:点我 
[该游戏直链每天限流1TB 超出后会下载失败 第二天会重置流量]
————————————
直链最好用游戏区里的 超能多线程下载器 [传送门]   并稍微看下1秒教程 如果采用别的下载器 小容量游戏没问题 如果是稍微大型点的游戏有概率会出错 甚至出现需要账号和密码
",https://switch520.net/1234.html
24673,Dumpy & Bumpy/官方中文/[NSP-XCI][原版+魔改10.2.0],https://imgtu.switch520.com/2021/11/18/ea65f60c75ea1.jpg,"

Switch游戏              

中文              
",2021-11-18T11:55:55+08:00, 2.84K,"
原版[13.0.0][NSP]
链接: https://pan.baidu.com/s/1Pd-1vThNUx-st2XF_wrpuQ
提取码: b9dq
————————————
魔改10.2.0整合[XCI] 
链接: https://pan.baidu.com/s/1RgaZuBZ1eZ_tikC1oQoqWA
提取码: 7n1v
————————————
原版本体直链下载:点我 
[该游戏直链每天限流1TB 超出后会下载失败 第二天会重置流量]
————————————
直链最好用游戏区里的 超能多线程下载器 [传送门]   并稍微看下1秒教程 如果采用别的下载器 小容量游戏没问题 如果是稍微大型点的游戏有概率会出错 甚至出现需要账号和密码
",https://switch520.net/1232.html
24671,埃沙托斯/原汁日文/[NSP-XCI][原版+魔改10.2.0],https://imgtu.switch520.com/2021/11/18/cf423d43959d2.jpg,"

Switch游戏              
",2021-11-18T11:49:56+08:00, 1.76K,"
 
原版[12.1.0][NSP]
链接: https://pan.baidu.com/s/1W015F9v4DZT1NaqM6zW8uQ 
提取码: fssp
————————————
魔改11.0.0整合[XCI] 
链接: https://pan.baidu.com/s/1jf36sgx-5WDl0u1EPjVjuA 
提取码: kfvf
————————————
原版本体直链下载:点我 
[该游戏直链每天限流1TB 超出后会下载失败 第二天会重置流量]
————————————
直链最好用游戏区里的 超能多线程下载器 [传送门]   并稍微看下1秒教程 如果采用别的下载器 小容量游戏没问题 如果是稍微大型点的游戏有概率会出错 甚至出现需要账号和密码
",https://switch520.net/1230.html
24669,HORGIHUGH和伙伴们/日文/[NSP-XCI][原版+魔改10.2.0],https://imgtu.switch520.com/2021/11/18/1383b817c06a6.jpg,"

Switch游戏              
",2021-11-18T11:44:05+08:00, 2.36K,"
原版[12.1.0][NSP]
链接: https://pan.baidu.com/s/1zyNbQd6ykC3db9C9Cu1CDA 
提取码: bqzf
————————————
魔改10.2.0整合[XCI] 
链接: https://pan.baidu.com/s/1WaluR4LWRQ3Z2STVp-Br7w 
提取码: xqb4
————————————
原版本体直链下载:点我 
[该游戏直链每天限流1TB 超出后会下载失败 第二天会重置流量]
————————————
直链最好用游戏区里的 超能多线程下载器 [传送门]   并稍微看下1秒教程 如果采用别的下载器 小容量游戏没问题 如果是稍微大型点的游戏有概率会出错 甚至出现需要账号和密码
",https://switch520.net/1228.html
24667,麻将 最终罗曼史R/日文/[NSP-XCI][原版+魔改11.0.0],https://imgtu.switch520.com/2021/11/18/e8d841446db2f.jpg,"

Switch游戏              
",2021-11-18T11:39:12+08:00, 3.71K,"
原版[13.0.0][NSP]
链接: https://pan.baidu.com/s/1eBNwOJHwD2oa5Y06DAwaSw 
提取码: maws
————————————
魔改11.0.0整合[XCI] 
链接: https://pan.baidu.com/s/1EdAp-xE4VUbqfoPQqZNCbA 
提取码: b5pk
————————————
原版本体直链下载:点我 
[该游戏直链每天限流1TB 超出后会下载失败 第二天会重置流量]
————————————
直链最好用游戏区里的 超能多线程下载器 [传送门]   并稍微看下1秒教程 如果采用别的下载器 小容量游戏没问题 如果是稍微大型点的游戏有概率会出错 甚至出现需要账号和密码
",https://switch520.net/1226.html
24665,Illmatic Womb/日文/[NSP-XCI][原版+魔改10.2.0],https://imgtu.switch520.com/2021/11/18/61f3173b6a8d5.jpg,"

Switch游戏              
",2021-11-18T11:32:22+08:00, 1.18K,"
原版[12.1.0][NSP]
链接: https://pan.baidu.com/s/1hzwefBg38LW8LVlKjCPQvw 
提取码: 3qfm
————————————
魔改11.0.0整合[XCI] 
链接: https://pan.baidu.com/s/1g8xNPe51CElcfl1AnZ25Lg 
提取码: t33p
————————————
原版本体直链下载:点我 
[该游戏直链每天限流1TB 超出后会下载失败 第二天会重置流量]
————————————
直链最好用游戏区里的 超能多线程下载器 [传送门]   并稍微看下1秒教程 如果采用别的下载器 小容量游戏没问题 如果是稍微大型点的游戏有概率会出错 甚至出现需要账号和密码
",https://switch520.net/1224.html
24663,みんなのジョブチャレンジ/日文/[NSP-XCI][原版+魔改10.2.0],https://imgtu.switch520.com/2021/11/18/ccb2f711e03dc.jpg,"

Switch游戏              
",2021-11-18T11:26:11+08:00, 1.5K,"
原版[13.0.0][NSP]
链接: https://pan.baidu.com/s/1YxlsoeMq143egqXiPT1bDw 
提取码: c7md
————————————
魔改11.0.0整合[XCI] 
链接: https://pan.baidu.com/s/1qF1eyoFxgf-zolg_E3_jRw
提取码: 33hr
————————————
原版本体直链下载:点我 
[该游戏直链每天限流1TB 超出后会下载失败 第二天会重置流量]
————————————
直链最好用游戏区里的 超能多线程下载器 [传送门]   并稍微看下1秒教程 如果采用别的下载器 小容量游戏没问题 如果是稍微大型点的游戏有概率会出错 甚至出现需要账号和密码
",https://switch520.net/1222.html
24661,迷雾后的世界/日文/本体+1.0.2整合版/[NSP-XCI][原版+魔改10.2.0],https://imgtu.switch520.com/2021/11/18/699a2bc3ff63a.jpg,"

Switch游戏              
",2021-11-18T11:19:40+08:00, 3.23K,"
原版[13.1.0][NSP]
链接: https://pan.baidu.com/s/1TplDXX2wpyH54eX32snaeQ 
提取码: j882
————————————
魔改10.2.0整合[XCI] 
链接: https://pan.baidu.com/s/1klplTHxyWBukwJUAbzsaqA 
提取码: an29
————————————
原版本体直链下载:点我
原版升补直链下载:点我
[该游戏直链每天限流1TB 超出后会下载失败 第二天会重置流量]
————————————
直链最好用游戏区里的 超能多线程下载器 [传送门]   并稍微看下1秒教程 如果采用别的下载器 小容量游戏没问题 如果是稍微大型点的游戏有概率会出错 甚至出现需要账号和密码
",https://switch520.net/1220.html
24659,我们的夏日祭/日文/本体+1.0.2+1DLC整合版/[NSP-XCI][原版+魔改10.2.0],https://imgtu.switch520.com/2021/11/18/0100b8912bf7f.jpg,"

Switch游戏              
",2021-11-18T11:12:13+08:00, 1.66K,"
原版[12.1.0][NSP]
链接: https://pan.baidu.com/s/1SC9Uo_XM9Z4JIIoePu_vew 
提取码: vvid
————————————
魔改10.2.0整合[XCI] 
链接: https://pan.baidu.com/s/1QP3Jr3JeMGrrOiFYm7hJIQ 
提取码: 8y36
————————————
原版本体直链下载:点我
原版升补直链下载:点我
原版DLC直链下载:点我
[该游戏直链每天限流1TB 超出后会下载失败 第二天会重置流量]
————————————
直链最好用游戏区里的 超能多线程下载器 [传送门]   并稍微看下1秒教程 如果采用别的下载器 小容量游戏没问题 如果是稍微大型点的游戏有概率会出错 甚至出现需要账号和密码
",https://switch520.net/1217.html
24678,东方咒术泡泡/中文/本体+3.0.0_A(8)+21DLC整合版/[NSP-XCI][原版+魔改10.2.0],https://imgtu.switch520.com/upload/art_editor/20210117-1/77167b8e17079e6376e7b1b810e47364.jpg,"

Switch游戏              

中文              
",2021-11-18T10:26:09+08:00, 3.27K,"
原版[12.1.0][NSP]
链接: https://pan.baidu.com/s/1zMnVqFmFvs4zGwlZ2Ul51A 
提取码: 3e7t
 
[21DLC]
链接: https://pan.baidu.com/s/16ahy8r8xn7btzhtaDk2vFQ 
提取码: texw
 
————————————
魔改10.2.0整合[XCI] 
链接: https://pan.baidu.com/s/1ZVd2s8VlmQMmzx8z0Opntw 
提取码: at7w
————————————
原版本体直链下载:点我
原版升补直链下载:点我
原版DLC直链下载:点我
[该游戏直链每天限流1TB 超出后会下载失败 第二天会重置流量]
————————————
直链最好用游戏区里的 超能多线程下载器 [传送门]   并稍微看下1秒教程 如果采用别的下载器 小容量游戏没问题 如果是稍微大型点的游戏有概率会出错 甚至出现需要账号和密码
",https://switch520.net/1236.html
19939,艾莉亚纪元战记/官方中文/本体+1.0.2整合版/[NSP-XCI][原版+魔改10.2.0],https://imgtu.switch520.com/2021/07/08/5068ef252a375.jpg,"

Switch游戏              

中文              
",2021-11-18T09:50:25+08:00, 20.22K,,
24655,宝可梦 明亮的珍珠/官方中文/本体+1.1.1整合版/[XCI][原版-魔改11.0.0],https://imgtu.switch520.com/2021/11/18/a2e61cf18088b.jpg,"

3A巨作              

Switch游戏              

中文              
",2021-11-18T09:27:56+08:00, 52.2K,"
原版[13.1.0][NSP]
链接: https://pan.baidu.com/s/1rjhlEbXl6dr6I9TR5v2EZA
提取码: emgu
 
1.1.1升级补丁
链接: https://pan.baidu.com/s/1coU-0nVgCWQzbcsk6uR-Kw
提取码: 45vj
 
 
————————————
魔改11.0.0整合[XCI] 
链接: https://pan.baidu.com/s/19kcKSaNS2xbFSAGDiNHHog 
提取码: rbh7
————————————
原版本体直链下载:点我
原版升补直链下载:点我
[该游戏直链每天限流1TB 超出后会下载失败 第二天会重置流量]
————————————
直链最好用游戏区里的 超能多线程下载器 [传送门]   并稍微看下1秒教程 如果采用别的下载器 小容量游戏没问题 如果是稍微大型点的游戏有概率会出错 甚至出现需要账号和密码
",https://switch520.net/1212.html
24648,破败王者 英雄联盟传奇/中文/本体+1.4+4DLC整合版[NSP-XCI][原版+魔改11.0.0],https://imgtu.switch520.com/2021/11/17/b057c2f803c79.jpg,"

Switch游戏              

中文              

热门              
",2021-11-17T20:39:28+08:00, 44.41K,"
原版[NSP]13.1.0
链接: https://pan.baidu.com/s/1c6a4VUssuyItq6VaZbwELA 
提取码: 52eq
 
1.4升级补丁
链接: https://pan.baidu.com/s/1XYKiW9g3tfSYh1L6CHPimg 
提取码: p66p
————————————
魔改11.0.0整合版
链接: https://pan.baidu.com/s/19avtzz9JblLw1O7RXaJLKg 
提取码: fdyj
 
————————————
原版本体直链下载：点我
原版升补直链下载：点我
原版DLC直链下载：点我
————————————
直链最好用游戏区里的 超能多线程下载器 [传送门]   并稍微看下1秒教程 如果采用别的下载器 小容量游戏没问题 如果是稍微大型点的游戏有概率会出错 甚至出现需要账号和密码
",https://switch520.net/1207.html
22980,尼克国际儿童频道全明星争霸赛/英文版/本体+1.0.4整合版/[NSP-XCI][原版+魔改10.2.0],https://imgtu.switch520.com/2021/10/06/e94ae7e48e822.jpg,"

Switch游戏              

升补/DLC              

英文              
",2021-11-17T20:00:36+08:00, 10.71K,"
 
原版[13.0.0][NSP]
链接: https://pan.baidu.com/s/1ESHRXhjnkssLqgQwCb_9QQ 
提取码: 8t2k
————————————
魔改11.0.0整合[XCI] 
链接: https://pan.baidu.com/s/1EYyp0XQQlevb80Ln2UmO_g
提取码: qyea
————————————
原版本体直链下载:点我
原版升补直链下载:点我
[该游戏直链每天限流1TB 超出后会下载失败 第二天会重置流量]
————————————
直链最好用游戏区里的 超能多线程下载器 [传送门]   并稍微看下1秒教程 如果采用别的下载器 小容量游戏没问题 如果是稍微大型点的游戏有概率会出错 甚至出现需要账号和密码
",https://switch520.net/865.html
24640,破败王者 英雄联盟传奇/官方中文/完美学习版[有视频注意音量],https://imgtu.switch520.com/2021/11/17/b057c2f803c79.jpg,"

PC游戏下载              
",2021-11-17T19:25:15+08:00, 21.54K,"
 
解压码/安装码 677332
天翼：https://cloud.189.cn/t/IZBJNbZZjaqa
链接: https://pan.baidu.com/s/1yJwHBVdFOPaAZuKemH-yCw 
提取码: q4n8
",https://switch520.net/1203.html
18162,随动回旋镖/官方中文/本体+1.2.1+1DLC整合版/[NSP-XCI][原版+魔改10.2.0],https://imgtu.switch520.com/2021/08/24/bf9ba6f3d3a53.jpg,"

Switch游戏              

中文              

升补/DLC              
",2021-11-17T19:00:59+08:00, 7.73K,"
原版[13.1.0][NSP]
链接: https://pan.baidu.com/s/1zrk52WoSTNKqRz-qgMBq6w 
提取码: if9y
————————————
魔改10.2.0整合[XCI] 
链接: https://pan.baidu.com/s/1ta97zEpm_gzBptbg8WqwuQ 
提取码: 5ud5
————————————
原版本体直链下载:点我
原版升补直链下载:点我
DLC直链下载:点我
[该游戏直链每天限流1TB 超出后会下载失败 第二天会重置流量]
————————————
直链最好用游戏区里的 超能多线程下载器 [传送门]   并稍微看下1秒教程 如果采用别的下载器 小容量游戏没问题 如果是稍微大型点的游戏有概率会出错 甚至出现需要账号和密码
",https://switch520.net/1198.html
24652,PC装机模拟器/中文/本体+1.3.0+5DLC/[NSP][原版],https://imgtu.switch520.com/2021/11/17/36b7ed515a7b9.jpg,"

Switch游戏              

中文              
",2021-11-17T18:47:56+08:00, 4.94K,,
7770,风来的西林5/官方中文/本体+1.0.4升补整合版/[NSP-XCI][原版+魔改9.2.0],https://imgtu.switch520.com/upload/art_editor/20201204-1/a58df96d74e8ed459be3200dd9ba863b.jpg,"

Switch游戏              

中文              
",2021-11-17T18:40:27+08:00, 14.04K,"
原版[13.1.0][XCI]
链接: https://pan.baidu.com/s/1qlCHwcSyL3qaVGyro4nv4w 
提取码: fg32
————————————
魔改9.2.0整合[XCI] 
链接: https://pan.baidu.com/s/1Z8eIiTEzxkPqcT_6uA71gA 
提取码: 4gu5
————————————
原版本体直链下载:点我
原版升补直链下载:点我
[该游戏直链每天限流1TB 超出后会下载失败 第二天会重置流量]
————————————
直链最好用游戏区里的 超能多线程下载器 [传送门]   并稍微看下1秒教程 如果采用别的下载器 小容量游戏没问题 如果是稍微大型点的游戏有概率会出错 甚至出现需要账号和密码
",https://switch520.net/1196.html
24635,火箭飞拳/官方中文/[NSP],https://imgtu.switch520.com/2021/11/17/10e9726f988bf.jpg,"

Switch游戏              

中文              
",2021-11-17T16:28:58+08:00, 4.24K,"
 
毒娘下载
 链接: https://pan.baidu.com/s/1pIMlFXdiKZlx4HAY_1RrLA 
提取码: 9kk4
————————————
直链下载:点我
————————————
直链最好用游戏区里的 超能多线程下载器 [传送门]   并稍微看下1秒教程 如果采用别的下载器 小容量游戏没问题 如果是稍微大型点的游戏有概率会出错 甚至出现需要账号和密码
",https://switch520.net/1194.html
24632,[限时上架]多娜多娜 一起做好事吧!/豪华中文/整合各类MOD学习版,https://imgtu.switch520.com/2021/11/17/a39115b6a0a16.jpg,"

PC游戏下载              
",2021-11-17T14:29:15+08:00, 25.96K,,https://url75.ctfile.com/f/34128475-521032051-2bd378
22937,银河战士 生存恐惧/官方中文/本体+1.0.3整合版/[NSP-XCI][原版+魔改11.0.0],https://imgtu.switch520.com/2021/10/05/828a123a80618.jpg,"

Switch游戏              

中文              

升补/DLC              
",2021-11-17T12:30:51+08:00, 105.73K,"
原版[13.1.0]
链接: https://pan.baidu.com/s/13599UNXFtLb-trzv7ir8aQ
 提取码: 9cz6
 
1.0.3升级补丁
链接: https://pan.baidu.com/s/1jYPfzMJ4KEmmb2Fk6hYLxA
提取码: kyfu
————————————
魔改11.0.0整合版 1.0.3整合版
链接: https://pan.baidu.com/s/1DNGbReKymOiBFg4jefRC3A 
提取码: i5c7
———————————–
原版本体直链下载:点我
1.0.3原版升补直链下载:点我
————————————
直链最好用游戏区里的 超能多线程下载器 [传送门]   并稍微看下1秒教程 如果采用别的下载器 小容量游戏没问题 如果是稍微大型点的游戏有概率会出错 甚至出现需要账号和密码
",https://www.switch520.net/27.html
24629,成长物语 永恒树之歌/官方中文/完美学习版[PC],https://imgtu.switch520.com/2021/11/17/3f56d90982c51.jpg,"

PC游戏下载              
",2021-11-17T11:57:57+08:00, 9.44K,"
 
 
链接: https://pan.baidu.com/s/13DSOy77IRf8izZks6PD9tg 
提取码: bx25
",https://switch520.net/1185.html
24627,夏洛克福尔摩斯 第一章/官方中文/完美学习版,https://imgtu.switch520.com/2021/11/17/18c7d36c5fb05.jpg,"

PC游戏下载              
",2021-11-17T11:36:10+08:00, 10.1K,"
 
链接: https://pan.baidu.com/s/1NuQpRNCXWjkvs4ircyRfDw
提取码: ctba
",https://switch520.net/1183.html
24625,成长物语 永恒树之歌/英文版/本体+1.0.1整合版/[NSP-XCI][原版+魔改11.0.0],https://imgtu.switch520.com/2021/11/17/3f56d90982c51.jpg,"

Switch游戏              

英文              
",2021-11-17T11:25:23+08:00, 4.88K,"
原版[13.1.0][NSP]
链接: https://pan.baidu.com/s/1yA9hrLI6-F_oEb2k1uje-w 
提取码: wyk8
————————————
魔改11.0.0整合[XCI] 
链接: https://pan.baidu.com/s/10GP8UnH4slbjFDurtchyuw 
提取码: 4kbk
————————————
原版本体直链下载:点我
原版升补直链下载:点我
[该游戏直链每天限流1TB 超出后会下载失败 第二天会重置流量]
————————————
直链最好用游戏区里的 超能多线程下载器 [传送门]   并稍微看下1秒教程 如果采用别的下载器 小容量游戏没问题 如果是稍微大型点的游戏有概率会出错 甚至出现需要账号和密码
",https://switch520.net/1181.html
23074,俄罗斯方块效应 链接/官方中文/本体+1.0.4/[NSP-XCI][原版+魔改10.2.0],https://imgtu.switch520.com/2021/10/09/2b132ed09d5cb.jpg,"

Switch游戏              

中文              

升补/DLC              
",2021-11-17T11:20:16+08:00, 17.6K,"
原版[13.1.0][NSP]
链接: https://pan.baidu.com/s/1zF4_Y78n8uNtw9A0h_R5FA 
提取码: 6ew9
————————————
魔改10.2.0整合[XCI] 
链接: https://pan.baidu.com/s/1_5ImgCssPgWxaHIgffdO3w 
提取码: mj4j
————————————
原版本体直链下载:点我
原版升补直链下载:点我
[该游戏直链每天限流1TB 超出后会下载失败 第二天会重置流量]
————————————
直链最好用游戏区里的 超能多线程下载器 [传送门]   并稍微看下1秒教程 如果采用别的下载器 小容量游戏没问题 如果是稍微大型点的游戏有概率会出错 甚至出现需要账号和密码
",https://switch520.net/1189.html
24623,Klang 2/官方中文/本体+1.0.1整合版[NSP-XCI][原版+魔改11.0.0],https://imgtu.switch520.com/2021/11/17/8d01eb44da32d.jpg,"

Switch游戏              

中文              
",2021-11-17T11:16:35+08:00, 5.7K,"
原版[13.0.0][NSP]
链接: https://pan.baidu.com/s/1OOhCQg_3n8-QB36MO8UVww 
提取码: rtsc
————————————
本体+1.0.1魔改11.0.0整合[XCI] 
链接: https://pan.baidu.com/s/1j3nb4g0A9lLewScbAzWPeg 
提取码: gff7
————————————
原版本体直链下载:点我 
[该游戏直链每天限流1TB 超出后会下载失败 第二天会重置流量]
————————————
直链最好用游戏区里的 超能多线程下载器 [传送门]   并稍微看下1秒教程 如果采用别的下载器 小容量游戏没问题 如果是稍微大型点的游戏有概率会出错 甚至出现需要账号和密码
",https://switch520.net/1179.html
24619,末日求生/官方中文/[NSP-XCI][原版+魔改11.0.0],https://imgtu.switch520.com/2021/11/17/97edbf7642ded.jpg,"

Switch游戏              

中文              
",2021-11-17T11:03:08+08:00, 8.77K,"
原版[12.1.0][NSP]
链接: https://pan.baidu.com/s/1uh4I_9jAF9acEhKo-3YOrQ 
提取码: ufbu
————————————
魔改11.0.0整合[XCI] 
链接: https://pan.baidu.com/s/1G_UgdwXqFEvVACluc9iA-w 
提取码: xafe
————————————
原版本体直链下载:点我 
[该游戏直链每天限流1TB 超出后会下载失败 第二天会重置流量]
————————————
直链最好用游戏区里的 超能多线程下载器 [传送门]   并稍微看下1秒教程 如果采用别的下载器 小容量游戏没问题 如果是稍微大型点的游戏有概率会出错 甚至出现需要账号和密码
",https://switch520.net/1175.html
24617,海克斯炸欢天 英雄联盟外传/中文/本体+1.1.1+1DLC整合版/[NSP-XCI][原版+魔改11.0.0],https://imgtu.switch520.com/2021/11/17/c4656d00e823b.jpg,"

Switch游戏              

中文              
",2021-11-17T10:58:43+08:00, 9.7K,"
原版[13.1.0][NSP]
链接: https://pan.baidu.com/s/1ruGlculXqiduODk3O1QN-w 
提取码: ama6
————————————
魔改11.0.0整合[XCI] 
链接: https://pan.baidu.com/s/183eMwPyh1u4EuruS-J8Cxg 
提取码: xgq1
————————————
原版本体直链下载:点我
原版升补直链下载:点我
原版DLC直链下载:点我
[该游戏直链每天限流1TB 超出后会下载失败 第二天会重置流量]
————————————
直链最好用游戏区里的 超能多线程下载器 [传送门]   并稍微看下1秒教程 如果采用别的下载器 小容量游戏没问题 如果是稍微大型点的游戏有概率会出错 甚至出现需要账号和密码
",https://switch520.net/1173.html
23354,超级机器人大战30/中文/本体+1.0.4+14DLC整合版/[XCI][原版+魔改11.0.0],https://imgtu.switch520.com/2021/10/15/f70e2ebb0fb75.jpg,"

3A巨作              

Switch游戏              

中文              
",2021-11-17T08:55:17+08:00, 79.54K,"
 
解压密码：switch520.com
XCI[原版][13.0.0]
链接: https://pan.baidu.com/s/1pDTwCuTjIjrezMx0vFWlGw 
提取码: r4f1
 
1.0.4升级补丁+14DLC
链接: https://pan.baidu.com/s/11hOgKJ15-qHcOIZmrrFiOg 
提取码: av5t
 
 
===========
1.0.4+14DLC魔改11.0.0整合版
链接: https://pan.baidu.com/s/1qKoviq78dHk7sgWOmf97tQ 
提取码: 4iha
 
============
原版本体直链下载:点我
原版升补直链下载:点我
DLC直链下载：点我
[该游戏直链每天限流1TB 超出后会下载失败 第二天会重置流量]
————————————
直链最好用游戏区里的 超能多线程下载器 [传送门]   并稍微看下1秒教程 如果采用别的下载器 小容量游戏没问题 如果是稍微大型点的游戏有概率会出错 甚至出现需要账号和密码
",https://www.switch520.net/334.html
22804,死神诡计 来生/英文版/本体+1.0.4整合版/[NSP-XCI][原版+魔改10.2.0],https://imgtu.switch520.com/2021/10/01/8a06839673cb4.jpg,"

Switch游戏              

升补/DLC              

英文              
",2021-11-16T20:51:33+08:00, 14.85K,"
原版[13.1.0][NSP]
链接: https://pan.baidu.com/s/1i0vpt3NVvP1ueb3sCI2LtQ 
提取码: q3id
————————————
魔改10.2.0整合[XCI] 
链接: https://pan.baidu.com/s/1zrkr-xJLc388TSU7PoJ6mg 
提取码: 9wjy
————————————
原版本体直链下载:点我
原版升补直链下载:点我
[该游戏直链每天限流1TB 超出后会下载失败 第二天会重置流量]
————————————
直链最好用游戏区里的 超能多线程下载器 [传送门]   并稍微看下1秒教程 如果采用别的下载器 小容量游戏没问题 如果是稍微大型点的游戏有概率会出错 甚至出现需要账号和密码
",https://switch520.net/1168.html
24611,塔可丽塔的薯条之旅/中文/本体+1.0.1整合版/[NSP-XCI][原版+魔改10.2.0],https://imgtu.switch520.com/2021/11/16/6d1619b194960.jpg,"

Switch游戏              

中文              
",2021-11-16T20:17:05+08:00, 3.08K,"
原版[12.1.0][NSP]
链接: https://pan.baidu.com/s/1i-bmTPhaIexmPjTjGXufgQ 
提取码: bfgk
————————————
魔改11.0.0整合[XCI] 
链接: https://pan.baidu.com/s/1AnI5GPAXw4jNq3jt7eMgWQ 
提取码: ntu6
————————————
原版本体直链下载:点我
原版升补直链下载:点我
[该游戏直链每天限流1TB 超出后会下载失败 第二天会重置流量]
————————————
直链最好用游戏区里的 超能多线程下载器 [传送门]   并稍微看下1秒教程 如果采用别的下载器 小容量游戏没问题 如果是稍微大型点的游戏有概率会出错 甚至出现需要账号和密码
",https://switch520.net/1166.html
24609,落难航船 诅咒之岛的探险者/中文/本体+1.0.5整合版/[NSP-XCI][原版+魔改10.2.0],https://imgtu.switch520.com/2021/11/16/943fe10006443.jpg,"

Switch游戏              

中文              
",2021-11-16T20:10:54+08:00, 6.64K,"
原版[13.1.0][NSP]
链接: https://pan.baidu.com/s/1zvCTNbWbJuEM2bfcED2g1Q
提取码: q294
————————————
魔改10.2.0整合[XCI] 
链接: https://pan.baidu.com/s/11cnbpOPz6FW9_1W4P9gQ4A
提取码: xayy
————————————
原版本体直链下载:点我
原版升补直链下载:点我
[该游戏直链每天限流1TB 超出后会下载失败 第二天会重置流量]
————————————
直链最好用游戏区里的 超能多线程下载器 [传送门]   并稍微看下1秒教程 如果采用别的下载器 小容量游戏没问题 如果是稍微大型点的游戏有概率会出错 甚至出现需要账号和密码
",https://switch520.net/1164.html
5143,爆炸小姐/官方中文/本体+1.0.5整合版/[NSP-XCI][原版+魔改10.2.0],http://ae01.alicdn.com/kf/U6b1e3ffddda64d5d95cd8ceafd6c7e58E.jpg,"

Switch游戏              

中文              

升补/DLC              
",2021-11-16T20:00:26+08:00, 5.79K,"
原版[13.1.0][NSP]
链接: https://pan.baidu.com/s/1_9d1G9AncKnT-CW00_XtOQ 
提取码: 69tx
————————————
魔改10.2.0整合[XCI] 
链接: https://pan.baidu.com/s/1D5S3rj3Unj01cpxv64rKbg 
提取码: 45fq
————————————
原版本体直链下载:点我
原版升补直链下载:点我
[该游戏直链每天限流1TB 超出后会下载失败 第二天会重置流量]
————————————
直链最好用游戏区里的 超能多线程下载器 [传送门]   并稍微看下1秒教程 如果采用别的下载器 小容量游戏没问题 如果是稍微大型点的游戏有概率会出错 甚至出现需要账号和密码
",https://switch520.net/1162.html
6840,王国:双冠/中文/本体+1.1.7+1DLC整合版/[NSP-XCI][原版+魔改10.2.0],https://imgtu.switch520.com/upload/art_editor/20201022-1/1a31bd273cb108e22c3e14320670b74a.jpg,"

Switch游戏              

中文              

升补/DLC              
",2021-11-16T19:50:45+08:00, 11.62K,"
原版[13.1.0][NSP]
链接: https://pan.baidu.com/s/1zwNr_dnWWPqQGNoBqBnB8g 
提取码: cn96
————————————
魔改10.2.0整合[XCI] 
链接: https://pan.baidu.com/s/1Nd3nRFRkruJxYb1aQZ5s8w 
提取码: 7msh
————————————
原版本体直链下载:点我
原版升补直链下载:点我
原版DLC直链下载:点我
[该游戏直链每天限流1TB 超出后会下载失败 第二天会重置流量]
————————————
直链最好用游戏区里的 超能多线程下载器 [传送门]   并稍微看下1秒教程 如果采用别的下载器 小容量游戏没问题 如果是稍微大型点的游戏有概率会出错 甚至出现需要账号和密码
",https://switch520.net/1160.html
24603,11.16号-PC更新6部作品-部部精品-官方中文/完美学习版,https://imgtu.switch520.com/2021/11/16/e5ba2661e6060.jpg,"

PC游戏下载              
",2021-11-16T12:27:33+08:00, 16.06K,,https://url75.ctfile.com/f/34128475-520899932-823fb0
23909,暴天狗和僵尸国度/英日文/本体+1.0.1整合版/[NSP-XCI][原版+魔改11.0.0],https://imgtu.switch520.com/2021/10/30/4da30a067a519.jpg,"

Switch游戏              

升补/DLC              

英-日文              
",2021-11-16T12:11:52+08:00, 6.33K,"
原版[13.1.0][NSP]
链接: https://pan.baidu.com/s/1GEUWr7S6GqmzbVvnYPscLQ 
提取码: 8h7w
————————————
魔改11.0.0整合[XCI] 
链接: https://pan.baidu.com/s/13cZ_-4OwOyo6AxoJfxF4SQ
提取码: 2nvt
————————————
原版本体直链下载:点我
原版升补直链下载:点我
[该游戏直链每天限流1TB 超出后会下载失败 第二天会重置流量]
————————————
直链最好用游戏区里的 超能多线程下载器 [传送门]   并稍微看下1秒教程 如果采用别的下载器 小容量游戏没问题 如果是稍微大型点的游戏有概率会出错 甚至出现需要账号和密码
",https://switch520.net/1156.html
5372,深埋之星/官方中文/本体+1.0.6整合版/[NSP-XCI][原版+魔改11.0.0],https://imgtu.switch520.com/upload/art_editor/20210427-1/d0ff2ce193160a44348a200cbe6a2d07.jpg,"

Switch游戏              

中文              

升补/DLC              
",2021-11-16T12:08:21+08:00, 10.12K,"
原版[13.1.0][NSP]
链接: https://pan.baidu.com/s/1FW-6LtWYtMTHfljj3mqVUg 
提取码: dahc
————————————
魔改11.0.0整合[XCI] 
链接: https://pan.baidu.com/s/1niPofqlW9yjyh-Uw9FHNZw 
提取码: py4x
————————————
原版本体直链下载:点我
原版升补直链下载:点我
[该游戏直链每天限流1TB 超出后会下载失败 第二天会重置流量]
————————————
直链最好用游戏区里的 超能多线程下载器 [传送门]   并稍微看下1秒教程 如果采用别的下载器 小容量游戏没问题 如果是稍微大型点的游戏有概率会出错 甚至出现需要账号和密码
",https://switch520.net/1154.html
23331,地球防卫军3/日文/本体+1.0.3整合版[NSP-XCI][原版+魔改11.0.0],https://imgtu.switch520.com/2021/10/15/57092ac9643cf.jpg,"

Switch游戏              

升补/DLC              
",2021-11-16T12:05:52+08:00, 14.13K,"
原版[13.1.0][NSP]
链接: https://pan.baidu.com/s/1gXnL8o95uASNl_V2lhRKlA 
提取码: ehaa
————————————
魔改11.0.0整合[XCI] 
链接: https://pan.baidu.com/s/1xjik8LGK_zvVCOw_9aRiWg 
提取码: k29k
————————————
原版本体直链下载:点我
原版升补直链下载:点我
[该游戏直链每天限流1TB 超出后会下载失败 第二天会重置流量]
————————————
直链最好用游戏区里的 超能多线程下载器 [传送门]   并稍微看下1秒教程 如果采用别的下载器 小容量游戏没问题 如果是稍微大型点的游戏有概率会出错 甚至出现需要账号和密码
",https://switch520.net/1152.html
22815,格兰蒂亚1+2/港中/本体+1.0.3整合版[NSP-XCI][原版+魔改10.2.0],https://imgtu.switch520.com/2021/10/01/180680638573b.jpg,"

Switch游戏              

中文              

升补/DLC              
",2021-11-16T12:00:53+08:00, 37.72K,"
 
原版[13.1.0][NSP]
链接: https://pan.baidu.com/s/1XmelAhWamwg0OBOLitbNdg
提取码: x8b6
————————————
魔改10.2.0整合[XCI] 
链接: https://pan.baidu.com/s/1iORtfzAeju08ZJCxeHeU2w 
提取码: ghsw
————————————
原版本体直链下载：点我
原版升补直链下载：点我
[该游戏直链每天限流1TB 超出后会下载失败 第二天会重置流量]
————————————
直链最好用游戏区里的 超能多线程下载器 [传送门]   并稍微看下1秒教程 如果采用别的下载器 小容量游戏没问题 如果是稍微大型点的游戏有概率会出错 甚至出现需要账号和密码
",https://switch520.net/1150.html
24593,星舰指挥官 战争与贸易/英文版/本体+1.0.3整合版/[NSP-XCI][原版+魔改11.0.0],https://imgtu.switch520.com/2021/11/16/1455a5927b96a.jpg,"

Switch游戏              

英文              
",2021-11-16T11:58:02+08:00, 2.72K,"
原版[13.1.0][NSP]
链接: https://pan.baidu.com/s/1m9RwmwCduSrxSAu4VKNZhA 
提取码: 2188
————————————
魔改11.0.0整合[XCI] 
链接: https://pan.baidu.com/s/1mjw-Wpn0MQZwpgzafhabHw
提取码: 79af
————————————
原版本体直链下载:点我
原版升补直链下载:点我
[该游戏直链每天限流1TB 超出后会下载失败 第二天会重置流量]
————————————
直链最好用游戏区里的 超能多线程下载器 [传送门]   并稍微看下1秒教程 如果采用别的下载器 小容量游戏没问题 如果是稍微大型点的游戏有概率会出错 甚至出现需要账号和密码
",https://switch520.net/1148.html
23072,熊和海军上将/中文/本体+1.0.1整合版[NSP-XCI][原版+魔改10.2.0],https://imgtu.switch520.com/2021/10/09/e50eb7f140e69.png,"

Switch游戏              

中文              

升补/DLC              
",2021-11-16T11:50:39+08:00, 2.94K,"
原版[13.1.0][NSP]
链接: https://pan.baidu.com/s/11uWxTLeZwyjPhDHm7Y_fNg
提取码: vhea
————————————
魔改10.2.0[XCI]
链接: https://pan.baidu.com/s/176JkYIDn9DIxRClyMsaxvQ
提取码: snrf
————————————
原版本体直链下载:点我 
原版升补直链下载:点我 
[该游戏直链每天限流1TB 超出后会下载失败 第二天会重置流量]
————————————
直链最好用游戏区里的 超能多线程下载器 [传送门]   并稍微看下1秒教程 如果采用别的下载器 小容量游戏没问题 如果是稍微大型点的游戏有概率会出错 甚至出现需要账号和密码
",https://switch520.net/1146.html
24589,铸铁/英文版/[NSP],https://imgtu.switch520.com/2021/11/16/d6197d97e10dc.jpg,"

Switch游戏              

英文              
",2021-11-16T09:58:03+08:00, 1.92K,"
毒娘下载
 链接: https://pan.baidu.com/s/1l82dwAKOWR6jNxMRvm82hw 
提取码: puri
————————————
直链下载:点我
————————————
直链最好用游戏区里的 超能多线程下载器 [传送门]   并稍微看下1秒教程 如果采用别的下载器 小容量游戏没问题 如果是稍微大型点的游戏有概率会出错 甚至出现需要账号和密码
",https://switch520.net/1144.html
24587,农场专家2018/官方中文/[NSP],https://imgtu.switch520.com/2021/11/16/cd4e8090bca10.jpg,"

Switch游戏              

中文              
",2021-11-16T09:38:36+08:00, 2.03K,"
毒娘下载
 链接: https://pan.baidu.com/s/19uWn10MKXn82wUVXeXgqNA 
提取码: 3nup
————————————
直链下载:点我
————————————
直链最好用游戏区里的 超能多线程下载器 [传送门]   并稍微看下1秒教程 如果采用别的下载器 小容量游戏没问题 如果是稍微大型点的游戏有概率会出错 甚至出现需要账号和密码
",https://switch520.net/1142.html
24585,雪娘 大旋风/原汁日文/[NSP],https://imgtu.switch520.com/2021/11/16/35eedc69b57f7.jpg,"

Switch游戏              
",2021-11-16T09:34:30+08:00, 2.27K,"
毒娘下载
 链接: https://pan.baidu.com/s/1PalYYBbesZ9yrYfk6X9pmg 
提取码: 2d98
————————————
直链下载:点我
————————————
直链最好用游戏区里的 超能多线程下载器 [传送门]   并稍微看下1秒教程 如果采用别的下载器 小容量游戏没问题 如果是稍微大型点的游戏有概率会出错 甚至出现需要账号和密码
",https://switch520.net/1140.html
24583,燃烧的战斗/英日文/[NSP],https://imgtu.switch520.com/2021/11/16/0a727ce88e49b.jpg,"

Switch游戏              

英-日文              
",2021-11-16T09:13:22+08:00, 2.86K,"
毒娘下载
 链接: https://pan.baidu.com/s/17inhVaox8b8xubR7qi2xRg 
提取码: fffa
————————————
直链下载:点我
————————————
直链最好用游戏区里的 超能多线程下载器 [传送门]   并稍微看下1秒教程 如果采用别的下载器 小容量游戏没问题 如果是稍微大型点的游戏有概率会出错 甚至出现需要账号和密码
",https://switch520.net/1138.html
23796,僵尸世界大战/中文/本体+1.0.6+8DLC整合版/[NSP-XCI][原版+魔改10.2.0],https://imgtu.switch520.com/2021/10/28/0d0e9eaf5081a.jpg,"

Switch游戏              

中文              

升补/DLC              
",2021-11-16T09:01:50+08:00, 36.09K,"
原版[13.0.0][NSP]
链接: https://pan.baidu.com/s/1tTY0vc1519ClaXYaqQDT7w 
提取码: y736
 
1.0.6升补+8DLC
链接: https://pan.baidu.com/s/1ROiRbf0M2aKZE1XM74-e1Q 
提取码: 7ww6
 
 
游戏默认设置无中文，解锁中文请搭配存档 
蓝奏云：https://wws.lanzoui.com/iAdNivvd3qj
————————————
魔改10.2.0整合[XCI]
链接: https://pan.baidu.com/s/1AurUg5OfERVCr6CtpZPdRw 
提取码: 6bjp
 
游戏默认设置无中文，解锁中文请搭配存档
蓝奏云：https://wws.lanzoui.com/iAdNivvd3qj
————————————
原版本体直链下载：点我
原版升补直链下载：点我
8DLC直链下载：点我
[该游戏直链每天限流1TB 超出后会下载失败 第二天会重置流量]
————————————
直链最好用游戏区里的 超能多线程下载器 [传送门]   并稍微看下1秒教程 如果采用别的下载器 小容量游戏没问题 如果是稍微大型点的游戏有概率会出错 甚至出现需要账号和密码
",https://switch520.net/420.html
24579,Switch 12月份最新游戏介绍,https://switch520.com/wp-content/uploads/2021/11/1636966500-a513d8644e324c4.jpg,"

啤酒炸鸡系列              
",2021-11-15T16:56:30+08:00, 7.91K,,
24519,百万吨级武藏/原汁日文/本体+1.0.2+4DLC整合版/[XCI][原版+魔改11.0.0],https://imgtu.switch520.com/2021/11/13/077da31bbe1e0.jpg,"

Switch游戏              

中文              
",2021-11-15T15:17:55+08:00, 19.14K,"
 
 
如需解压密码：switch520.com
 
原版
 链接: https://pan.baidu.com/s/1FUI0b_Qa4ikBWtXjtXzN3g 
提取码: 1s9n
 
4DLC
链接: https://pan.baidu.com/s/1UAa5mxbGXqDPZrrPe5ESLA 
提取码: ttc9
————————————
魔改11.0.0整合版
链接: https://pan.baidu.com/s/1rqh6nFeGtCvB57LM8IEklg 
提取码: 1cfa
————————————
原版本体直链下载：点我
原版升补直链下载：点我
4DLC直链下载：点我
————————————
直链最好用游戏区里的 超能多线程下载器 [传送门]   并稍微看下1秒教程 如果采用别的下载器 小容量游戏没问题 如果是稍微大型点的游戏有概率会出错 甚至出现需要账号和密码
",https://switch520.net/1084.html
21994,符文工房5/中文/本体+1.1.0+5DLC整合版/[NSP-XCI][原版+魔改10.2.0],https://imgtu.switch520.com/2021/09/03/792eeff876299.jpg,"

Switch游戏              

中文              

升补/DLC              
",2021-11-15T13:00:28+08:00, 61.47K,"
魔改10.2.0   TX用户尽量保持自己系统为11.0.0
解压密码：switch520.com
原版[13.0.0]
链接: https://pan.baidu.com/s/1bui8SWJeQIztAWE1xSexHQ 
提取码: apj5
 
————————————
魔改10.2.0整合[XCI] 
链接: https://pan.baidu.com/s/1flX0x6dm1fhR7eExKkkJ5w 
提取码: nd8n
————————————
本体+1.1.0+5DLC魔改10.2.0整合直链下载:点我
本体+1.0.3+5DLC魔改10.2.0整合直链下载:点我
本体+1.0.2+5DLC魔改10.2.0整合直链下载:点我
本体+1.0.1+5DLC魔改10.2.0整合直链下载:点我
————————————
谷歌网盘下载：点我
直链最好用游戏区里的 超能多线程下载器 [传送门]   并稍微看下1秒教程 如果采用别的下载器 小容量游戏没问题 如果是稍微大型点的游戏有概率会出错 甚至出现需要账号和密码
",https://switch520.net/1134.html
23220,怪物王冠/官方中文/本体+1.0.3整合版/[NSP-XCI][原版+魔改10.2.0],https://imgtu.switch520.com/2021/10/12/145193f355d83.jpg,"

Switch游戏              

中文              

升补/DLC              
",2021-11-15T09:27:34+08:00, 12.68K,"
 
原版[13.1.0]
链接: https://pan.baidu.com/s/1ywzUuzJcK-ZDg_xVLKOYhw 
提取码: a7q5
 
1.0.3升补
链接: https://pan.baidu.com/s/1lmHwHhfl7JdIJInrkUoD6g 
提取码: egwj
 
 
————————————
魔改10.2.0整合[XCI] 
链接: https://pan.baidu.com/s/1NKITCRulPdf-s81Xdg_hBw 
提取码: u6xm
————————————
原版本体直链下载:点我
原版1.0.3升补直链下载:点我
[该游戏直链每天限流1TB 超出后会下载失败 第二天会重置流量]
————————————
直链最好用游戏区里的 超能多线程下载器 [传送门]   并稍微看下1秒教程 如果采用别的下载器 小容量游戏没问题 如果是稍微大型点的游戏有概率会出错 甚至出现需要账号和密码
",https://switch520.net/1125.html
24563,蓝色之旅/原汁日文/[NSP],https://imgtu.switch520.com/2021/11/14/7492c398dc4d8.jpg,"

Switch游戏              
",2021-11-14T18:56:48+08:00, 2.07K,"
 
毒娘下载
 链接: https://pan.baidu.com/s/1hCVrAt4fun4oeerMI0aniw
 提取码: r7nt
————————————
直链下载:点我
————————————
直链最好用游戏区里的 超能多线程下载器 [传送门]   并稍微看下1秒教程 如果采用别的下载器 小容量游戏没问题 如果是稍微大型点的游戏有概率会出错 甚至出现需要账号和密码
",https://switch520.net/1123.html
24559,小缇娜强袭龙堡 奇幻之地大冒险/官方中文/完美学习版 [有视频注意音量],https://imgtu.switch520.com/2021/11/14/fa297cebce7ff.jpg,"

PC游戏下载              
",2021-11-14T18:15:46+08:00, 12.08K,"
 
解压码/安装码 538966
天翼：https://cloud.189.cn/t/vyMNRbzyyeEj
链接: https://pan.baidu.com/s/1GXRuE7gq0yUcZsioQi2iYw
提取码: pibq
",https://switch520.net/1121.html
24554,超强RPG/天下为棋/官方中文/完美学习版 [有视频注意音量],https://imgtu.switch520.com/2021/11/14/2a8e2df2ad8c8.jpg,"

PC游戏下载              
",2021-11-14T11:18:58+08:00, 23.01K,"
 
 
解压码/安装码 711826
天翼：https://cloud.189.cn/t/imq6j2ANVVzi
毒娘链接: https://pan.baidu.com/s/1GqT9DJYre6S2f-1Vio5i9g 
提取码: d5pv
",https://switch520.net/1118.html
24552,弹幕测试死亡/原汁日文/[NSP-XCI][原版+魔改11.0.0],https://imgtu.switch520.com/2021/11/14/07d73bfdb2a98.jpg,"

Switch游戏              
",2021-11-14T11:14:17+08:00, 3.04K,"
原版[12.1.0][NSP]
链接: https://pan.baidu.com/s/1PHw4reRePYbAcVnxwVUyXw 
提取码: w7yw
————————————
魔改11.0.0整合[XCI] 
链接: https://pan.baidu.com/s/1c8LBDHgc13ToOeZHsqjA3w 
提取码: um68
————————————
原版本体直链下载:点我 
[该游戏直链每天限流1TB 超出后会下载失败 第二天会重置流量]
————————————
直链最好用游戏区里的 超能多线程下载器 [传送门]   并稍微看下1秒教程 如果采用别的下载器 小容量游戏没问题 如果是稍微大型点的游戏有概率会出错 甚至出现需要账号和密码
",https://switch520.net/1116.html
24550,Littlebird TrueEyes/原汁日文/[NSP-XCI][原版+魔改11.0.0],https://imgtu.switch520.com/2021/11/14/40e667c7cece5.jpg,"

Switch游戏              
",2021-11-14T11:08:56+08:00, 4.32K,"
原版[13.0.0][NSP]
链接: https://pan.baidu.com/s/1I1BSZT1rWOoTt6xnLrJpZg 
提取码: cghv
————————————
魔改11.0.0整合[XCI] 
链接: https://pan.baidu.com/s/1I2Y6wHJuHlDCm9u3BIHSMg 
提取码: 9u67
————————————
原版本体直链下载:点我 
[该游戏直链每天限流1TB 超出后会下载失败 第二天会重置流量]
————————————
直链最好用游戏区里的 超能多线程下载器 [传送门]   并稍微看下1秒教程 如果采用别的下载器 小容量游戏没问题 如果是稍微大型点的游戏有概率会出错 甚至出现需要账号和密码
",https://switch520.net/1114.html
24548,长尾豹马修大冒险/中文/本体+1.0.1整合版/[NSP-XCI][原版+魔改11.0.0],https://imgtu.switch520.com/2021/11/14/7aee8d9d4ab4e.jpg,"

Switch游戏              

中文              
",2021-11-14T11:03:55+08:00, 4.48K,"
原版[13.1.0][NSP]
链接: https://pan.baidu.com/s/1Emr0Pz1Ow_dtrCqUGgp_Rw 
提取码: m255
————————————
魔改11.0.0整合[XCI] 
链接: https://pan.baidu.com/s/15Vubm9rgeKgBzV9t02jGlQ 
提取码: 89qv
————————————
原版本体直链下载:点我
原版本体直链下载:点我
[该游戏直链每天限流1TB 超出后会下载失败 第二天会重置流量]
————————————
直链最好用游戏区里的 超能多线程下载器 [传送门]   并稍微看下1秒教程 如果采用别的下载器 小容量游戏没问题 如果是稍微大型点的游戏有概率会出错 甚至出现需要账号和密码
",https://switch520.net/1112.html
24546,恶梦妖怪村/原汁日文/[NSP-XCI][原版+魔改11.0.0],https://imgtu.switch520.com/2021/11/14/a0376195f31a9.jpg,"

Switch游戏              
",2021-11-14T10:53:10+08:00, 5.98K,"
原版[12.1.0][NSP]
链接: https://pan.baidu.com/s/1ZFzOkqPCT6MJZmK8WlZxqA 
提取码: qfra
————————————
魔改11.0.0整合[XCI] 
链接: https://pan.baidu.com/s/1A-XV4xxagJMKAfaFqyYzWQ 
提取码: uen7
————————————
原版本体直链下载:点我 
[该游戏直链每天限流1TB 超出后会下载失败 第二天会重置流量]
————————————
直链最好用游戏区里的 超能多线程下载器 [传送门]   并稍微看下1秒教程 如果采用别的下载器 小容量游戏没问题 如果是稍微大型点的游戏有概率会出错 甚至出现需要账号和密码
",https://switch520.net/1110.html
24544,我亲爱的哥哥/原汁日文/[NSP-XCI][原版+魔改11.0.0],https://imgtu.switch520.com/2021/11/14/906eda26add96.jpg,"

Switch游戏              
",2021-11-14T10:48:00+08:00, 3.59K,"
原版[12.1.0][NSP]
链接: https://pan.baidu.com/s/1McbUNQm_mzxCMMBLBZeWhg 
提取码: xbbd
————————————
魔改11.0.0整合[XCI] 
链接: https://pan.baidu.com/s/1zbTwLb96zHDY7JW4wqYCKA 
提取码: 3mgc
————————————
原版本体直链下载:点我 
[该游戏直链每天限流1TB 超出后会下载失败 第二天会重置流量]
————————————
直链最好用游戏区里的 超能多线程下载器 [传送门]   并稍微看下1秒教程 如果采用别的下载器 小容量游戏没问题 如果是稍微大型点的游戏有概率会出错 甚至出现需要账号和密码
",https://switch520.net/1108.html
24542,少女首领的推理领域 黄金岛的密约/原汁日文/[NSP-XCI][原版+魔改11.0.0],https://imgtu.switch520.com/2021/11/14/8cb256c27f566.jpg,"

Switch游戏              
",2021-11-14T10:41:54+08:00, 3.29K,"
原版[12.0.2][NSP]
链接: https://pan.baidu.com/s/1TG4P_tJ5SHYkY3CHKn4COg 
提取码: dabj
————————————
魔改11.0.0整合[XCI] 
链接: https://pan.baidu.com/s/1OOv1jJEfEK2vRkrBDMx3nQ 
提取码: xtsn
————————————
原版本体直链下载:点我 
[该游戏直链每天限流1TB 超出后会下载失败 第二天会重置流量]
————————————
直链最好用游戏区里的 超能多线程下载器 [传送门]   并稍微看下1秒教程 如果采用别的下载器 小容量游戏没问题 如果是稍微大型点的游戏有概率会出错 甚至出现需要账号和密码
",https://switch520.net/1106.html
24540,身边有她的幸福/原汁日文/[NSP-XCI][原版+魔改10.2.0],https://imgtu.switch520.com/2021/11/14/6d2f43f9ac8b5.jpg,"

Switch游戏              
",2021-11-14T10:34:22+08:00, 1.95K,"
原版[12.0.1][NSP]
链接: https://pan.baidu.com/s/1hmJIX83huDLJA-oBjF_hHQ 
提取码: rs9v
————————————
魔改10.2.0整合[XCI] 
链接: https://pan.baidu.com/s/1bKB_g2e_bl8dJOyD8JBb-A 
提取码: g3dk
————————————
原版本体直链下载:点我 
[该游戏直链每天限流1TB 超出后会下载失败 第二天会重置流量]
————————————
直链最好用游戏区里的 超能多线程下载器 [传送门]   并稍微看下1秒教程 如果采用别的下载器 小容量游戏没问题 如果是稍微大型点的游戏有概率会出错 甚至出现需要账号和密码
",https://switch520.net/1104.html
24538,财富人生/原汁日文/[NSP-XCI][原版+魔改9.2.0],https://imgtu.switch520.com/2021/11/14/1f12ce08c7285.jpg,"

Switch游戏              
",2021-11-14T10:26:05+08:00, 3.51K,"
原版[11.0.1][NSP]
链接: https://pan.baidu.com/s/1n5p40vvqINWnRBzGVZt6Xw 
提取码: dnma
————————————
魔改9.2.0整合[XCI] 
链接: https://pan.baidu.com/s/1DlOZSGe9Y9yb7UD9i4nnuA 
提取码: fm6e
————————————
原版本体直链下载:点我 
[该游戏直链每天限流1TB 超出后会下载失败 第二天会重置流量]
————————————
直链最好用游戏区里的 超能多线程下载器 [传送门]   并稍微看下1秒教程 如果采用别的下载器 小容量游戏没问题 如果是稍微大型点的游戏有概率会出错 甚至出现需要账号和密码
",https://switch520.net/1102.html
21793,追忆列车/官方中文/本体+1.0.2整合版[NSP-XCI][原版+魔改9.2],https://imgtu.switch520.com/2021/08/29/495b1c7adf838.jpg,"

Switch游戏              

中文              
",2021-11-14T10:20:51+08:00, 9.14K,"
原版[13.0.0][NSP]
链接: https://pan.baidu.com/s/1WHVfoRXJYcWNgMrbnmwFDw
 提取码: tuae 
 
1.0.2升补
链接: https://pan.baidu.com/s/16I72XAITNx73sQv3H2Xydg 
提取码: 9yeg
 
————————————
整合魔改9.2[XCI] 
链接: https://pan.baidu.com/s/1yCbfA1_63JHLSRDF_TkZKw 
提取码: nnki
————————————
整合魔改9.2直链下载：点我
————————————
直链最好用游戏区里的 超能多线程下载器 [传送门]   并稍微看下1秒教程 如果采用别的下载器 小容量游戏没问题 如果是稍微大型点的游戏有概率会出错 甚至出现需要账号和密码
",https://switch520.net/1100.html
24533,阿卡迪亚原型/日文/本体+1.0.1整合版/[NSP-XCI][原版+魔改11.0.0],https://imgtu.switch520.com/2021/11/13/bd70634839e37.jpg,"

Switch游戏              
",2021-11-13T21:16:51+08:00, 5.62K,"
原版[13.0.0][NSP]
链接: https://pan.baidu.com/s/1ENfPVsevmsWnUBkgMDCypw 
提取码: p8ji
————————————
魔改11.0.0整合[XCI] 
链接: https://pan.baidu.com/s/1UK7mje1hIFnyLPfg3JojfA 
提取码: 3sw8
————————————
原版本体直链下载:点我
原版升补直链下载:点我
[该游戏直链每天限流1TB 超出后会下载失败 第二天会重置流量]
————————————
直链最好用游戏区里的 超能多线程下载器 [传送门]   并稍微看下1秒教程 如果采用别的下载器 小容量游戏没问题 如果是稍微大型点的游戏有概率会出错 甚至出现需要账号和密码
",https://switch520.net/1098.html
24531,我们的击落橡皮 新学期/日文/本体+1.0.3整合版/[NSP-XCI][原版+魔改11.0.0],https://imgtu.switch520.com/2021/11/13/14f83158e86e6.jpg,"

Switch游戏              
",2021-11-13T21:11:29+08:00, 3.58K,"
原版[13.0.0][NSP]
链接: https://pan.baidu.com/s/10kCyVrzSOURsNkSDf1g_7w 
提取码: mpkw
————————————
魔改11.0.0整合[XCI] 
链接: https://pan.baidu.com/s/1k6jX7LA69BgYFXdjkV__RA 
提取码: 26ch
————————————
原版本体直链下载:点我
原版本体直链下载:点我
[该游戏直链每天限流1TB 超出后会下载失败 第二天会重置流量]
————————————
直链最好用游戏区里的 超能多线程下载器 [传送门]   并稍微看下1秒教程 如果采用别的下载器 小容量游戏没问题 如果是稍微大型点的游戏有概率会出错 甚至出现需要账号和密码
",https://switch520.net/1096.html
24529,模特出道2/日文/本体+1.0.1整合版/[NSP-XCI][原版+魔改11.0.0],https://imgtu.switch520.com/2021/11/13/47d7f1be0764d.jpg,"

Switch游戏              
",2021-11-13T21:04:18+08:00, 3.39K,"
原版[13.1.0][NSP]
链接: https://pan.baidu.com/s/1Bd6Q-LY_t9QqnS5v2Td_ZQ 
提取码: 1dbm
————————————
魔改11.0.0整合[XCI] 
链接: https://pan.baidu.com/s/1L7LCw_HHzi9BjQ3KBoB6nQ 
提取码: r3su
————————————
原版本体直链下载:点我
原版升补直链下载:点我
[该游戏直链每天限流1TB 超出后会下载失败 第二天会重置流量]
————————————
直链最好用游戏区里的 超能多线程下载器 [传送门]   并稍微看下1秒教程 如果采用别的下载器 小容量游戏没问题 如果是稍微大型点的游戏有概率会出错 甚至出现需要账号和密码
",https://switch520.net/1094.html
23375,屁股侦探 正式版/原汁日文/[NSP-XCI][原版+魔改11.0.0],https://imgtu.switch520.com/2021/10/16/ae1f3a2d0224a.jpg,"

Switch游戏              
",2021-11-13T20:55:12+08:00, 4.67K,"
原版[13.0.0][NSP]
链接: https://pan.baidu.com/s/1BNzVo3e3dGmxqMlzIC1LVw 
提取码: 89yt
————————————
魔改11.0.0整合[XCI] 
链接: https://pan.baidu.com/s/1SWKm0coMccjJY7WPE_04ZQ 
提取码: 5h1i
————————————
原版本体直链下载:点我 
[该游戏直链每天限流1TB 超出后会下载失败 第二天会重置流量]
————————————
直链最好用游戏区里的 超能多线程下载器 [传送门]   并稍微看下1秒教程 如果采用别的下载器 小容量游戏没问题 如果是稍微大型点的游戏有概率会出错 甚至出现需要账号和密码
",https://switch520.net/1092.html
23367,恋爱零经验的同班同学 正式版/日文/[NSP-XCI][原版+魔改10.2.0],https://imgtu.switch520.com/2021/10/16/e421eb7c5b580.jpg,"

Switch游戏              
",2021-11-13T20:50:09+08:00, 7.48K,"
原版[12.1.0][NSP]
链接: https://pan.baidu.com/s/1MVQ0-_NddnsV_8RVpNekNQ 
提取码: 6776
————————————
魔改11.0.0整合[XCI] 
链接: https://pan.baidu.com/s/1yY4L3WpiW7Qi4ezUSfF1QA 
提取码: 85h8
————————————
原版本体直链下载:点我 
[该游戏直链每天限流1TB 超出后会下载失败 第二天会重置流量]
————————————
直链最好用游戏区里的 超能多线程下载器 [传送门]   并稍微看下1秒教程 如果采用别的下载器 小容量游戏没问题 如果是稍微大型点的游戏有概率会出错 甚至出现需要账号和密码
",https://switch520.net/1090.html
24522,爱之钥3/原汁日文/[NSP-XCI][原版+魔改11.0.0],https://imgtu.switch520.com/2021/11/13/1ffbc7ef540e6.jpg,"

Switch游戏              
",2021-11-13T19:58:09+08:00, 6.39K,"
原版[12.1.0][NSP]
链接: https://pan.baidu.com/s/10cHKkd867rGJYk7z3tET-g 
提取码: x7hu
————————————
魔改11.0.0整合[XCI] 
链接: https://pan.baidu.com/s/14wBK-R0R32cGtagxxrYyCg 
提取码: 27xh
————————————
原版本体直链下载:点我 
[该游戏直链每天限流1TB 超出后会下载失败 第二天会重置流量]
————————————
直链最好用游戏区里的 超能多线程下载器 [传送门]   并稍微看下1秒教程 如果采用别的下载器 小容量游戏没问题 如果是稍微大型点的游戏有概率会出错 甚至出现需要账号和密码
",https://switch520.net/1087.html
24557,真女神转生5/1.0.1金手指,https://imgtu.switch520.com/2021/11/08/3a030d3b78664.jpg,"

加藤之指              
",2021-11-13T15:55:18+08:00, 6.03K,,
24517,朋克战争/官方中文/完美学习版,https://imgtu.switch520.com/2021/11/13/db4b64667de39.jpg,"

PC游戏下载              
",2021-11-13T10:12:53+08:00, 8.99K,"
 
链接: https://pan.baidu.com/s/1VME8hdw7Y27-MXHbpgMWlw 
提取码: tydg
",https://switch520.net/1082.html
24507,11.13号-PC更新9部作品-官方中文/完美学习版,https://imgtu.switch520.com/2021/11/13/fca5c0f80e7bc.jpg,"

PC游戏下载              
",2021-11-13T09:53:04+08:00, 15.17K,"

炼金术士柯蕾特：精华炼成物语
解压码945672
天翼：https://cloud.189.cn/t/Y7zIraQnyQRv
百度：https://pan.baidu.com/s/1PpPJPIIjleHOLtL5wgs_bg
提取码：mg7l
============

对眼镜的恐惧/Fears of Glasses o-o
解压码317497
天翼：https://cloud.189.cn/t/auAvAzEvay2q
百度：https://pan.baidu.com/s/1zPvUc4eU2LPDpscKobFd6g
提取码：5t4q
============

DYSMANTLE
解压码837213
天翼：https://cloud.189.cn/t/VzuUNnVr2aIn
百度：https://pan.baidu.com/s/1BuPWELB9hTShxBZNGO4nDw
提取码：skyo
==========

暗黑献祭/Dark Devotion
解压码616389
天翼：https://cloud.189.cn/t/Qrm22ibiiaAf
百度：https://pan.baidu.com/s/1gwPR58GoApy3Oo3HAVVsvA
提取码：t9el
 
=========

晶体管/Transistor
解压码923323
天翼：https://cloud.189.cn/t/uaYB3unEbQRj
百度：https://pan.baidu.com/s/1fVMQPk55xEWE1T7lhU-xlw
提取码：dx1j
=========

加密女孩/Crypto Girls（Build.7622368）
解压码557347
天翼：https://cloud.189.cn/t/ArAN73qYvemi
百度：https://pan.baidu.com/s/1iTnnQD8LdRr0I1IFdYeCRQ
提取码：yqr6
========

中国象棋
解压码464155
天翼：https://cloud.189.cn/t/qmyiyeumMFNn
百度：https://pan.baidu.com/s/1Xub3hwOu89JLiGn6PslXOw
提取码：tg0j
========

盒子里的猫咪/Cat in the Box
解压码134257
天翼：https://cloud.189.cn/t/J7Fz2yRrMBve
百度：https://pan.baidu.com/s/1KU59FybEuVHeZJ7xUd7P-Q
提取码：xu55
============

魔神少女音乐外传/Dark Witch Music Episode: Rudymical
解压码351689
天翼：https://cloud.189.cn/t/MnEjmirmUBvu
百度：https://pan.baidu.com/s/1IUwkLe-n70kYdaxrvMFDoA
提取码：qmas
",https://switch520.net/1078.html
