position,time,money,company,link
资深Java/Python/C#/PHP开发,1天前发布,28k-39k,"
                        
                            FreeWheel
                        
                    ",https://www.lagou.com/jobs/3687374.html?show=acde37eaafd341d29d7751731bf4c984
python工程师,10:07发布,20k-25k,"
                        
                            阅友科技
                        
                    ",https://www.lagou.com/jobs/9698396.html?show=acde37eaafd341d29d7751731bf4c984
python开发工程师,09:56发布,15k-25k,"
                        
                            酷我音乐
                        
                    ",https://www.lagou.com/jobs/9783636.html?show=acde37eaafd341d29d7751731bf4c984
python开发工程师,09:34发布,7k-14k,"
                        
                            北大医信
                        
                    ",https://www.lagou.com/jobs/8511709.html?show=acde37eaafd341d29d7751731bf4c984
python开发工程师,08:54发布,15k-30k,"
                        
                            君禾世纪
                        
                    ",https://www.lagou.com/jobs/9515969.html?show=acde37eaafd341d29d7751731bf4c984
python开发工程师,10:04发布,15k-18k,"
                        
                            文谛资产管理
                        
                    ",https://www.lagou.com/jobs/9709768.html?show=acde37eaafd341d29d7751731bf4c984
高级python开发工程师（后端）,09:52发布,30k-50k,"
                        
                            蓝湖
                        
                    ",https://www.lagou.com/jobs/9361261.html?show=acde37eaafd341d29d7751731bf4c984
中间件工程师（Go/python）,10:10发布,25k-50k,"
                        
                            掌阅
                        
                    ",https://www.lagou.com/jobs/8605805.html?show=acde37eaafd341d29d7751731bf4c984
高级python开发工程师,09:23发布,15k-25k,"
                        
                            我爱我家集团
                        
                    ",https://www.lagou.com/jobs/9807868.html?show=acde37eaafd341d29d7751731bf4c984
python开发工程师（北京）,09:45发布,15k-25k,"
                        
                            柏睿数据
                        
                    ",https://www.lagou.com/jobs/7632893.html?show=acde37eaafd341d29d7751731bf4c984
高级python开发工程师,09:37发布,20k-35k,"
                        
                            北京雷石公司
                        
                    ",https://www.lagou.com/jobs/9700362.html?show=acde37eaafd341d29d7751731bf4c984
高级python测试开发(J483114),09:23发布,15k-25k,"
                        
                            我爱我家集团
                        
                    ",https://www.lagou.com/jobs/9790368.html?show=acde37eaafd341d29d7751731bf4c984
python量化工程师,09:13发布,15k-30k,"
                        
                            同道大象
                        
                    ",https://www.lagou.com/jobs/9470804.html?show=acde37eaafd341d29d7751731bf4c984
高级python开发工程师,09:06发布,20k-35k,"
                        
                            北京雷石公司
                        
                    ",https://www.lagou.com/jobs/9758766.html?show=acde37eaafd341d29d7751731bf4c984
python开发工程师,1天前发布,25k-35k,"
                        
                            LBE 科技
                        
                    ",https://www.lagou.com/jobs/7310046.html?show=acde37eaafd341d29d7751731bf4c984
python开发工程师（北京校招）,09:46发布,10k-18k,"
                        
                            慧点科技
                        
                    ",https://www.lagou.com/jobs/9499274.html?show=acde37eaafd341d29d7751731bf4c984
python开发工程师,1天前发布,20k-40k,"
                        
                            LBE 科技
                        
                    ",https://www.lagou.com/jobs/8438776.html?show=acde37eaafd341d29d7751731bf4c984
python开发工程师,1天前发布,12k-18k,"
                        
                            青莲云
                        
                    ",https://www.lagou.com/jobs/9367978.html?show=acde37eaafd341d29d7751731bf4c984
Python开发工程师,1天前发布,15k-25k,"
                        
                            ZingFront智线
                        
                    ",https://www.lagou.com/jobs/7063252.html?show=acde37eaafd341d29d7751731bf4c984
python开发工程师,1天前发布,20k-40k,"
                        
                            途游
                        
                    ",https://www.lagou.com/jobs/9745514.html?show=acde37eaafd341d29d7751731bf4c984
python爬虫开发工程师,1天前发布,18k-36k,"
                        
                            厨芯科技
                        
                    ",https://www.lagou.com/jobs/9809069.html?show=acde37eaafd341d29d7751731bf4c984
python后端开发工程师,1天前发布,18k-35k,"
                        
                            厨芯科技
                        
                    ",https://www.lagou.com/jobs/9809056.html?show=acde37eaafd341d29d7751731bf4c984
python开发工程师,1天前发布,25k-35k,"
                        
                            途游
                        
                    ",https://www.lagou.com/jobs/9453905.html?show=acde37eaafd341d29d7751731bf4c984
Python开发工程师,1天前发布,15k-20k,"
                        
                            融慧金科
                        
                    ",https://www.lagou.com/jobs/9414063.html?show=acde37eaafd341d29d7751731bf4c984
1141JA-Python后端开发工程师,00:00发布,15k-25k,"
                        
                            平安科技
                        
                    ",https://www.lagou.com/jobs/9207779.html?show=acde37eaafd341d29d7751731bf4c984
python开发工程师,1天前发布,15k-25k,"
                        
                            热刺激光
                        
                    ",https://www.lagou.com/jobs/9340648.html?show=acde37eaafd341d29d7751731bf4c984
python后端开发工程师,1天前发布,18k-30k,"
                        
                            北极数据
                        
                    ",https://www.lagou.com/jobs/9688793.html?show=acde37eaafd341d29d7751731bf4c984
高级服务研发工程师（Go/Python）,1天前发布,30k-40k,"
                        
                            掌阅
                        
                    ",https://www.lagou.com/jobs/9492350.html?show=acde37eaafd341d29d7751731bf4c984
软件工程师（Python/PHP/Java）,1天前发布,11k-20k,"
                        
                            ZingFront智线
                        
                    ",https://www.lagou.com/jobs/6791320.html?show=acde37eaafd341d29d7751731bf4c984
python开发工程师,1天前发布,20k-40k,"
                        
                            菠萝踏歌智能
                        
                    ",https://www.lagou.com/jobs/9785523.html?show=acde37eaafd341d29d7751731bf4c984
python后端开发工程师,1天前发布,20k-30k,"
                        
                            苏州徕枫科技有限公司
                        
                    ",https://www.lagou.com/jobs/9047338.html?show=acde37eaafd341d29d7751731bf4c984
高级python架构师,1天前发布,35k-55k,"
                        
                            迈外迪
                        
                    ",https://www.lagou.com/jobs/9687884.html?show=acde37eaafd341d29d7751731bf4c984
资深Java/Python/C#/PHP开发,1天前发布,28k-39k,"
                        
                            FreeWheel
                        
                    ",https://www.lagou.com/jobs/3687374.html?show=acde37eaafd341d29d7751731bf4c984
高级python开发工程师,1天前发布,16k-30k,"
                        
                            万里开源
                        
                    ",https://www.lagou.com/jobs/9110704.html?show=acde37eaafd341d29d7751731bf4c984
Python软件开发工程师,1天前发布,15k-30k,"
                        
                            慧点科技
                        
                    ",https://www.lagou.com/jobs/9369152.html?show=acde37eaafd341d29d7751731bf4c984
量化python高级研发工程师,1天前发布,20k-40k,"
                        
                            小惠信息
                        
                    ",https://www.lagou.com/jobs/8012941.html?show=acde37eaafd341d29d7751731bf4c984
IT技术开发(python) - 审计数字化转型 - 北,1天前发布,14k-28k,"
                        
                            德勤
                        
                    ",https://www.lagou.com/jobs/9742139.html?show=acde37eaafd341d29d7751731bf4c984
后端开发工程师 (Python）(J5B9P),1天前发布,13k-26k,"
                        
                            MRS
                        
                    ",https://www.lagou.com/jobs/8999383.html?show=acde37eaafd341d29d7751731bf4c984
Python研发工程师（校招）,1天前发布,13k-17k,"
                        
                            一零跃动
                        
                    ",https://www.lagou.com/jobs/9409311.html?show=acde37eaafd341d29d7751731bf4c984
宝马对话AI | 后端开发Python工程师(J779P),1天前发布,13k-26k,"
                        
                            MRS
                        
                    ",https://www.lagou.com/jobs/8999339.html?show=acde37eaafd341d29d7751731bf4c984
python后端开发,1天前发布,20k-30k,"
                        
                            蓝标传媒
                        
                    ",https://www.lagou.com/jobs/9748313.html?show=acde37eaafd341d29d7751731bf4c984
python开发工程师,2天前发布,40k-70k,"
                        
                            便利蜂
                        
                    ",https://www.lagou.com/jobs/9530324.html?show=acde37eaafd341d29d7751731bf4c984
python开发工程师,2天前发布,7k-14k,"
                        
                            睿智思科
                        
                    ",https://www.lagou.com/jobs/9588276.html?show=acde37eaafd341d29d7751731bf4c984
python开发工程师(管培生）,1天前发布,5k-8k,"
                        
                            中电达通
                        
                    ",https://www.lagou.com/jobs/9200129.html?show=acde37eaafd341d29d7751731bf4c984
python开发工程师,2天前发布,20k-30k,"
                        
                            一网互通
                        
                    ",https://www.lagou.com/jobs/8350668.html?show=acde37eaafd341d29d7751731bf4c984
高级后端开发工程师（go/c++/python)）,2天前发布,20k-40k,"
                        
                            拉勾猎头
                        
                    ",https://www.lagou.com/jobs/7685274.html?show=acde37eaafd341d29d7751731bf4c984
Python开发工程师,2天前发布,15k-25k,"
                        
                            nCompass
                        
                    ",https://www.lagou.com/jobs/9769255.html?show=acde37eaafd341d29d7751731bf4c984
python开发工程师,2天前发布,14k-24k,"
",https://www.lagou.com/jobs/9623573.html?show=acde37eaafd341d29d7751731bf4c984
python爬虫工程师,1天前发布,10k-16k,"
                        
                            拓尔思TRS
                        
                    ",https://www.lagou.com/jobs/9749807.html?show=acde37eaafd341d29d7751731bf4c984
python开发工程师,2天前发布,20k-40k,"
",https://www.lagou.com/jobs/9641055.html?show=acde37eaafd341d29d7751731bf4c984
python工程师,3天前发布,15k-24k,"
                        
                            Builder X
                        
                    ",https://www.lagou.com/jobs/9791193.html?show=acde37eaafd341d29d7751731bf4c984
python开发工程师,2021-11-19,30k-50k,"
                        
                            山景智能
                        
                    ",https://www.lagou.com/jobs/9556562.html?show=acde37eaafd341d29d7751731bf4c984
python,2021-11-16,20k-25k,"
                        
                            360
                        
                    ",https://www.lagou.com/jobs/9769512.html?show=acde37eaafd341d29d7751731bf4c984
python爬虫工程师,2天前发布,12k-24k,"
                        
                            WPIC
                        
                    ",https://www.lagou.com/jobs/9744634.html?show=acde37eaafd341d29d7751731bf4c984
python开发工程师,2021-11-09,23k-30k,"
                        
                            蓝标传媒
                        
                    ",https://www.lagou.com/jobs/9744869.html?show=acde37eaafd341d29d7751731bf4c984
python开发工程师,2021-11-04,20k-35k,"
                        
                            安居客
                        
                    ",https://www.lagou.com/jobs/9670895.html?show=acde37eaafd341d29d7751731bf4c984
python爬虫工程师,2021-11-19,15k-20k,"
                        
                            天下秀
                        
                    ",https://www.lagou.com/jobs/9771892.html?show=acde37eaafd341d29d7751731bf4c984
Sr.Software Engineer-Biz-UI Team Golang/Java/Python,2021-11-18,25k-38k,"
                        
                            FreeWheel
                        
                    ",https://www.lagou.com/jobs/9783259.html?show=acde37eaafd341d29d7751731bf4c984
Python开发工程师,2021-11-16,15k-30k,"
                        
                            途尔网络
                        
                    ",https://www.lagou.com/jobs/8722881.html?show=acde37eaafd341d29d7751731bf4c984
Python工程师,2021-11-16,15k-25k,"
                        
                            天桐互动
                        
                    ",https://www.lagou.com/jobs/1784325.html?show=acde37eaafd341d29d7751731bf4c984
python开发工程师,2021-11-14,20k-40k,"
                        
                            微观博易投资
                        
                    ",https://www.lagou.com/jobs/8525603.html?show=acde37eaafd341d29d7751731bf4c984
量化开发工程师（python）,2021-11-15,20k-35k,"
                        
                            Amber Group
                        
                    ",https://www.lagou.com/jobs/9327335.html?show=acde37eaafd341d29d7751731bf4c984
Python研发工程师,2021-11-19,13k-25k,"
                        
                            云端智度
                        
                    ",https://www.lagou.com/jobs/2304922.html?show=acde37eaafd341d29d7751731bf4c984
python开发工程师,2021-11-10,25k-45k,"
                        
                            新奥新智
                        
                    ",https://www.lagou.com/jobs/9734711.html?show=acde37eaafd341d29d7751731bf4c984
python开发方向，中级/高级/架构师,2021-11-17,30k-60k,"
                        
                            君禾世纪
                        
                    ",https://www.lagou.com/jobs/9333879.html?show=acde37eaafd341d29d7751731bf4c984
python开发工程师,2021-11-05,16k-25k,"
                        
                            Builder X
                        
                    ",https://www.lagou.com/jobs/9655546.html?show=acde37eaafd341d29d7751731bf4c984
python高级开发工程师,2021-11-19,25k-50k,"
                        
                            山景智能
                        
                    ",https://www.lagou.com/jobs/8666295.html?show=acde37eaafd341d29d7751731bf4c984
python实习生,2021-11-19,4k-6k,"
                        
                            鲸算科技
                        
                    ",https://www.lagou.com/jobs/9791558.html?show=acde37eaafd341d29d7751731bf4c984
python开发工程师,2021-10-26,13k-25k,"
                        
                            第三石科技
                        
                    ",https://www.lagou.com/jobs/5865956.html?show=acde37eaafd341d29d7751731bf4c984
Python开发工程师,2021-10-26,18k-36k,"
                        
                            第三石科技
                        
                    ",https://www.lagou.com/jobs/4656501.html?show=acde37eaafd341d29d7751731bf4c984
python工程师,2021-09-24,12k-18k,"
                        
                            哈里伯顿中国
                        
                    ",https://www.lagou.com/jobs/7737019.html?show=acde37eaafd341d29d7751731bf4c984
python开发工程师,2021-06-26,20k-40k,"
                        
                            融通利达
                        
                    ",https://www.lagou.com/jobs/8291040.html?show=acde37eaafd341d29d7751731bf4c984
python开发工程师,2021-06-21,20k-35k,"
                        
                            老虎国际
                        
                    ",https://www.lagou.com/jobs/9016990.html?show=acde37eaafd341d29d7751731bf4c984
python开发工程师,2021-06-03,20k-40k,"
                        
                            一起教育科技
                        
                    ",https://www.lagou.com/jobs/8920671.html?show=acde37eaafd341d29d7751731bf4c984
python开发工程师,2021-07-20,23k-28k,"
                        
                            特安企业管理
                        
                    ",https://www.lagou.com/jobs/9195346.html?show=acde37eaafd341d29d7751731bf4c984
Python开发实习生,2021-11-16,3k-5k,"
                        
                            北京奇运发发科技有限公司
                        
                    ",https://www.lagou.com/jobs/9769418.html?show=acde37eaafd341d29d7751731bf4c984
高级量化开发工程师（python）,2021-11-15,25k-45k,"
                        
                            Amber Group
                        
                    ",https://www.lagou.com/jobs/9327238.html?show=acde37eaafd341d29d7751731bf4c984
python高级开发工程师,2021-11-18,18k-25k,"
                        
                            QuestMobile
                        
                    ",https://www.lagou.com/jobs/8925676.html?show=acde37eaafd341d29d7751731bf4c984
高级GO/Python研发工程师,2021-10-22,25k-50k,"
                        
                            美团
                        
                    ",https://www.lagou.com/jobs/9096541.html?show=acde37eaafd341d29d7751731bf4c984
数据分析师（Python）,2021-08-10,9k-15k,"
                        
                            北京团博百汇科技有限公司
                        
                    ",https://www.lagou.com/jobs/8925611.html?show=acde37eaafd341d29d7751731bf4c984
python开发工程师,2021-10-29,15k-25k,"
                        
                            韬克赢
                        
                    ",https://www.lagou.com/jobs/9704975.html?show=acde37eaafd341d29d7751731bf4c984
Python数据开发工程师,2021-11-09,15k-30k,"
                        
                            马上赢
                        
                    ",https://www.lagou.com/jobs/6155531.html?show=acde37eaafd341d29d7751731bf4c984
高级后端开发工程师(Java/GO/Python) (MJ000170),2021-11-17,20k-35k,"
                        
                            数坤科技
                        
                    ",https://www.lagou.com/jobs/9145421.html?show=acde37eaafd341d29d7751731bf4c984
Python高级/中级研发工程师(安全方向),2021-11-16,25k-40k,"
                        
                            陌陌
                        
                    ",https://www.lagou.com/jobs/7020558.html?show=acde37eaafd341d29d7751731bf4c984
python开发,2021-06-30,15k-30k,"
",https://www.lagou.com/jobs/9076778.html?show=acde37eaafd341d29d7751731bf4c984
python开发工程师,2021-08-18,20k-40k,"
                        
                            FMC
                        
                    ",https://www.lagou.com/jobs/9371701.html?show=acde37eaafd341d29d7751731bf4c984
Python开发工程师,2021-06-23,1k-2k,"
                        
                            让渡居
                        
                    ",https://www.lagou.com/jobs/8250888.html?show=acde37eaafd341d29d7751731bf4c984
Python开发工程师(风控开发方向),2021-11-16,20k-40k,"
                        
                            陌陌
                        
                    ",https://www.lagou.com/jobs/4044852.html?show=acde37eaafd341d29d7751731bf4c984
风控研发工程师（python方向）,2021-08-04,15k-30k,"
                        
                            阳光金科
                        
                    ",https://www.lagou.com/jobs/8938974.html?show=acde37eaafd341d29d7751731bf4c984
高级Python开发/Python开发,2021-11-15,25k-50k,"
                        
                            极智嘉
                        
                    ",https://www.lagou.com/jobs/9769040.html?show=acde37eaafd341d29d7751731bf4c984
python开发工程师（深度学习）,2021-11-16,15k-25k,"
                        
                            区块节点
                        
                    ",https://www.lagou.com/jobs/7938407.html?show=acde37eaafd341d29d7751731bf4c984
开发实习生-Java/Python/C++/数据库,2021-11-14,3k-6k,"
                        
                            微观博易投资
                        
                    ",https://www.lagou.com/jobs/8362602.html?show=acde37eaafd341d29d7751731bf4c984
python实习生,2021-11-15,4k-5k,"
                        
                            人人公司
                        
                    ",https://www.lagou.com/jobs/9516878.html?show=acde37eaafd341d29d7751731bf4c984
python开发工程师,2021-11-10,35k-70k,"
                        
                            博雅恒辉
                        
                    ",https://www.lagou.com/jobs/7933011.html?show=acde37eaafd341d29d7751731bf4c984
微观博易投资 Python,2021-09-27,20k-40k,"
                        
                            新仕佳人力资源
                        
                    ",https://www.lagou.com/jobs/9583027.html?show=acde37eaafd341d29d7751731bf4c984
python爬虫工程师,2021-11-11,20k-30k,"
                        
                            北京新氧科技有限公司
                        
                    ",https://www.lagou.com/jobs/9759453.html?show=acde37eaafd341d29d7751731bf4c984
python后端开发工程师,2021-11-12,20k-40k,"
                        
                            贝叶智能
                        
                    ",https://www.lagou.com/jobs/9384845.html?show=acde37eaafd341d29d7751731bf4c984
python开发,2021-06-16,16k-25k,"
                        
                            特安企业管理
                        
                    ",https://www.lagou.com/jobs/8985056.html?show=acde37eaafd341d29d7751731bf4c984
python开发工程师,2021-10-29,15k-25k,"
",https://www.lagou.com/jobs/9705388.html?show=acde37eaafd341d29d7751731bf4c984
python开发工程师,2021-10-28,20k-40k,"
",https://www.lagou.com/jobs/9699170.html?show=acde37eaafd341d29d7751731bf4c984
Python开发工程师-北京-01870,2021-11-12,20k-40k,"
                        
                            嘉实基金
                        
                    ",https://www.lagou.com/jobs/8185004.html?show=acde37eaafd341d29d7751731bf4c984
Python,2021-07-29,15k-20k,"
                        
                            瀚仕达人力
                        
                    ",https://www.lagou.com/jobs/9261553.html?show=acde37eaafd341d29d7751731bf4c984
Python运维开发工程师,2021-11-09,15k-30k,"
                        
                            威动科技
                        
                    ",https://www.lagou.com/jobs/9619165.html?show=acde37eaafd341d29d7751731bf4c984
python开发工程师,2021-10-20,16k-21k,"
",https://www.lagou.com/jobs/9665386.html?show=acde37eaafd341d29d7751731bf4c984
python工程师,2021-10-09,30k-50k,"
",https://www.lagou.com/jobs/9613888.html?show=acde37eaafd341d29d7751731bf4c984
Python,2021-09-22,15k-30k,"
                        
                            金磁石
                        
                    ",https://www.lagou.com/jobs/9554667.html?show=acde37eaafd341d29d7751731bf4c984
python开发工程师,2021-09-07,15k-30k,"
                        
                            金磁石
                        
                    ",https://www.lagou.com/jobs/9482019.html?show=acde37eaafd341d29d7751731bf4c984
python开发工程师,2021-09-03,20k-40k,"
                        
                            臻猎企业管理
                        
                    ",https://www.lagou.com/jobs/9466636.html?show=acde37eaafd341d29d7751731bf4c984
python开发工程师,2021-08-18,25k-40k,"
                        
                            新大瀚人力资源管理
                        
                    ",https://www.lagou.com/jobs/9375923.html?show=acde37eaafd341d29d7751731bf4c984
python开发工程师,2021-08-17,28k-45k,"
                        
                            德合人力资源服务
                        
                    ",https://www.lagou.com/jobs/9368618.html?show=acde37eaafd341d29d7751731bf4c984
python工程师,2021-07-30,15k-20k,"
                        
                            瀚仕达人力
                        
                    ",https://www.lagou.com/jobs/9268625.html?show=acde37eaafd341d29d7751731bf4c984
python工程师,2021-07-20,15k-25k,"
                        
                            锐仕方达
                        
                    ",https://www.lagou.com/jobs/9196156.html?show=acde37eaafd341d29d7751731bf4c984
python开发工程师,2021-06-23,25k-35k,"
                        
                            睿资达
                        
                    ",https://www.lagou.com/jobs/9029508.html?show=acde37eaafd341d29d7751731bf4c984
python工程师,2021-06-03,30k-35k,"
                        
                            三阅猎头
                        
                    ",https://www.lagou.com/jobs/8914780.html?show=acde37eaafd341d29d7751731bf4c984
python开发工程师,2021-05-28,12k-24k,"
                        
                            添才翰格
                        
                    ",https://www.lagou.com/jobs/8881489.html?show=acde37eaafd341d29d7751731bf4c984
数据抓取工程师（Python）,2021-11-05,15k-30k,"
                        
                            工字厅科技
                        
                    ",https://www.lagou.com/jobs/9404180.html?show=acde37eaafd341d29d7751731bf4c984
Python开发工程师 (MJ000266),2021-11-04,20k-40k,"
                        
                            数坤科技
                        
                    ",https://www.lagou.com/jobs/9530019.html?show=acde37eaafd341d29d7751731bf4c984
python研发工程师,2021-11-04,20k-30k,"
                        
                            回旋加速
                        
                    ",https://www.lagou.com/jobs/9161816.html?show=acde37eaafd341d29d7751731bf4c984
python开发工程师 (MJ001498),2021-10-27,15k-30k,"
                        
                            凤凰网
                        
                    ",https://www.lagou.com/jobs/9692350.html?show=acde37eaafd341d29d7751731bf4c984
python 数据治理工程师,2021-10-27,8k-10k,"
                        
                            法伯宏业
                        
                    ",https://www.lagou.com/jobs/9404129.html?show=acde37eaafd341d29d7751731bf4c984
python后端开发工程师,2021-10-23,20k-35k,"
                        
                            回旋加速
                        
                    ",https://www.lagou.com/jobs/9613619.html?show=acde37eaafd341d29d7751731bf4c984
python后端开发工程师,2021-10-20,10k-16k,"
                        
                            历源金成
                        
                    ",https://www.lagou.com/jobs/9620813.html?show=acde37eaafd341d29d7751731bf4c984
高级python开发工程师,2021-09-29,15k-30k,"
                        
                            建信金科
                        
                    ",https://www.lagou.com/jobs/9177257.html?show=acde37eaafd341d29d7751731bf4c984
运维开发工程师（python）,2021-09-27,20k-40k,"
                        
                            360
                        
                    ",https://www.lagou.com/jobs/9243506.html?show=acde37eaafd341d29d7751731bf4c984
Python 研发工程师,2021-09-24,20k-30k,"
                        
                            罗德与施瓦茨
                        
                    ",https://www.lagou.com/jobs/8699337.html?show=acde37eaafd341d29d7751731bf4c984
高级Python后端工程师,2021-08-24,15k-25k,"
                        
                            北京理享家
                        
                    ",https://www.lagou.com/jobs/4744335.html?show=acde37eaafd341d29d7751731bf4c984
python研发工程师,2021-08-17,15k-30k,"
                        
                            格上富信
                        
                    ",https://www.lagou.com/jobs/8400839.html?show=acde37eaafd341d29d7751731bf4c984
Python研发工程师,2021-08-16,15k-30k,"
                        
                            阳光金科
                        
                    ",https://www.lagou.com/jobs/9024775.html?show=acde37eaafd341d29d7751731bf4c984
Python开发工程师 (MJ000095),2021-07-06,25k-35k,"
                        
                            MICO
                        
                    ",https://www.lagou.com/jobs/7651098.html?show=acde37eaafd341d29d7751731bf4c984
python后台开发工程师,2021-06-23,25k-50k,"
                        
                            BIGO
                        
                    ",https://www.lagou.com/jobs/7978469.html?show=acde37eaafd341d29d7751731bf4c984
Python爬虫工程师,2021-09-22,15k-30k,"
                        
                            理脉
                        
                    ",https://www.lagou.com/jobs/8316472.html?show=acde37eaafd341d29d7751731bf4c984
python爬虫工程师,2021-11-16,15k-25k,"
                        
                            兆百特
                        
                    ",https://www.lagou.com/jobs/9595886.html?show=acde37eaafd341d29d7751731bf4c984
2022届校招-Python开发工程师,2021-11-15,15k-25k,"
                        
                            老虎国际
                        
                    ",https://www.lagou.com/jobs/9277737.html?show=acde37eaafd341d29d7751731bf4c984
云迁移灾备产品Python研发工程师,2021-10-22,20k-35k,"
                        
                            万博智云
                        
                    ",https://www.lagou.com/jobs/8606712.html?show=acde37eaafd341d29d7751731bf4c984
python爬虫工程师,2021-11-03,12k-15k,"
                        
                            悦福享
                        
                    ",https://www.lagou.com/jobs/9725039.html?show=acde37eaafd341d29d7751731bf4c984
python爬虫工程师,2021-09-23,9k-16k,"
                        
                            骨朵传媒
                        
                    ",https://www.lagou.com/jobs/9562880.html?show=acde37eaafd341d29d7751731bf4c984
python实习生,2021-09-08,4k-6k,"
                        
                            景生星月信息科技
                        
                    ",https://www.lagou.com/jobs/8118805.html?show=acde37eaafd341d29d7751731bf4c984
Python讲师,2021-08-30,12k-20k,"
                        
                            猿力教育
                        
                    ",https://www.lagou.com/jobs/7968358.html?show=acde37eaafd341d29d7751731bf4c984
python少儿教师,2021-08-25,3k-6k,"
                        
                            中诚泰信
                        
                    ",https://www.lagou.com/jobs/9391654.html?show=acde37eaafd341d29d7751731bf4c984
猿编程python主讲老师,2021-08-17,12k-20k,"
                        
                            小猿
                        
                    ",https://www.lagou.com/jobs/9040687.html?show=acde37eaafd341d29d7751731bf4c984
python人工智能课程研发,2021-08-17,20k-30k,"
                        
                            猿辅导
                        
                    ",https://www.lagou.com/jobs/8131113.html?show=acde37eaafd341d29d7751731bf4c984
Python讲师,2021-07-09,12k-20k,"
                        
                            小猿
                        
                    ",https://www.lagou.com/jobs/9133085.html?show=acde37eaafd341d29d7751731bf4c984
数据运营(Python),2021-07-07,10k-20k,"
                        
                            北京团博百汇科技有限公司
                        
                    ",https://www.lagou.com/jobs/9118539.html?show=acde37eaafd341d29d7751731bf4c984
python爬虫工程师,2021-07-07,20k-30k,"
                        
                            飞峡雨
                        
                    ",https://www.lagou.com/jobs/9112187.html?show=acde37eaafd341d29d7751731bf4c984
高级python开发工程师,2021-08-23,25k-40k,"
                        
                            德合人力资源服务
                        
                    ",https://www.lagou.com/jobs/9401182.html?show=acde37eaafd341d29d7751731bf4c984
python后端开发工程师,2021-11-08,17k-24k,"
",https://www.lagou.com/jobs/9739951.html?show=acde37eaafd341d29d7751731bf4c984
高级python工程师,2021-10-08,25k-45k,"
",https://www.lagou.com/jobs/9608657.html?show=acde37eaafd341d29d7751731bf4c984
python爬虫工程师,2021-07-10,30k-50k,"
                        
                            琨泽咨询
                        
                    ",https://www.lagou.com/jobs/9137570.html?show=acde37eaafd341d29d7751731bf4c984
高级python开发工程师,2021-09-24,20k-40k,"
                        
                            万宝盛华人力资源
                        
                    ",https://www.lagou.com/jobs/9565347.html?show=acde37eaafd341d29d7751731bf4c984
c/c++/java/python/go开发工程师,2021-09-16,25k-50k,"
                        
                            新大瀚人力资源管理
                        
                    ",https://www.lagou.com/jobs/9536622.html?show=acde37eaafd341d29d7751731bf4c984
